ab,abs
abandon,abandoned,abandoning,abandons
abil,abilities,ability
abl,able
abolish,abolished,abolishes,abolishing
aborigin,aboriginal
abort,abortion
abov,above
absenc,absence
absolut,absolute,absolutely
absorb,absorbed,absorbing,absorbs
absorpt,absorption
abstract,abstracts
abus,abuse,abused,abuses,abusing
academ,academic,academics
academi,academy
accept,acceptable,acceptance,accepted,accepting,accepts
access,accessed,accesses,accessibility,accessible,accessing
accessori,accessories,accessory
accid,accident,accidents
accommod,accommodate,accommodated,accommodates,accommodating,accommodation,accommodations
accompani,accompanied,accompanies,accompany,accompanying
accomplish,accomplished
accord,accordance,according,accordingly
account,accountability,accounted,accounting,accounts
accredit,accreditation,accredited
accumul,accumulate,accumulated,accumulates,accumulating
accur,accurate,accurately
accuraci,accuracy
accus,accuse,accused,accuses,accusing
acdbent,acdbentity
achiev,achieve,achieved,achievement,achievements,achieves,achieving
acid,acids
acknowledg,acknowledge,acknowledged,acknowledges,acknowledging
acn,acne
acoust,acoustic
acquir,acquire,acquired,acquires,acquiring
acquisit,acquisition,acquisitions
acr,acre,acres
acryl,acrylic
act,acted,acting,acts
action,actions
activ,activate,activated,activates,activating,activation,active,actively,activities,activity
activist,activists
actor,actors
actual,actually
acut,acute
ad,ads
adam,adams
adapt,adaptation,adapted,adapter,adapters,adapting,adaptive,adapts
add,added,adding,adds
addict,addiction
addit,addition,additional,additionally,additions
address,addressed,addresses,addressing,addrest
adelaid,adelaide
adequ,adequate
adida,adidas
adjac,adjacent
adjust,adjustable,adjusted,adjusting,adjustment,adjustments,adjusts
administ,administer,administered,administering,administers
administr,administration,administrative,administrator,administrators
admir,admire,admired,admires,admiring
admiss,admission,admissions
admit,admits,admitted,admitting
adob,adobe
adolesc,adolescent
adopt,adopted,adopting,adoption,adopts
adult,adults
advanc,advance,advanced,advancement,advances,advancing
advantag,advantage,advantages
adventur,adventure,adventures
advers,adverse
advertis,advertise,advertised,advertisement,advertisements,advertiser,advertisers,advertises,advertising
advic,advice
advis,advise,advised,advises,advising
advisor,advisors
advisori,advisory
advoc,advocate,advocated,advocates,advocating
advocaci,advocacy
adwar,adware
aerospac,aerospace
affair,affairs
affect,affected,affecting,affects
affili,affiliate,affiliated,affiliates,affiliation
afford,affordable,afforded,affording,affords
afterward,afterwards
age,aged,ages,aging
agenc,agencies,agency
agent,agents
aggreg,aggregate
aggress,aggressive
agre,agree,agreed,agreeing,agrees
agreement,agreements
agricultur,agricultural,agriculture
aid,aided,aiding,aids
aim,aimed,aiming,aims
airfar,airfare
airlin,airline,airlines
airplan,airplane
airport,airports
albani,albany
album,albums
albuquerqu,albuquerque
alert,alerted,alerting,alerts
alexand,alexander
alfr,alfred
algorithm,algorithms
alia,alias
alic,alice
align,alignment
alik,alike
aliv,alive
alleg,allege,alleged,alleges,alleging
allergi,allergy
alli,allied
allianc,alliance
alloc,allocate,allocated,allocates,allocating,allocation
allow,allowance,allowed,allowing,allows
alon,alone
alphabet,alphabetical
alpin,alpine
alreadi,already
alter,altered,altering,alters
altern,alternate,alternative,alternatively,alternatives
alway,always
amaz,amazing
amen,amenities
amend,amended,amending,amendment,amendments,amends
america,americas
american,americans
ami,amy
amount,amounted,amounting,amounts
amplifi,amplifier
analys,analyse,analysed,analyses,analysing
analysi,analysis
analyst,analysts
analyt,analytical
analyz,analyze,analyzed,analyzes
anatomi,anatomy
andal,andale
andi,andy
andrea,andreas
andrew,andrews
angel,angeles,angels
angl,angle
angri,angry
ani,any
anim,animal,animals,animated,animation,anime
ann,anne
anni,annie
anniversari,anniversary
annot,annotated,annotation
announc,announce,announced,announcement,announcements,announces,announcing
annoy,annoying
annual,annually
anonym,anonymous
anoth,another
answer,answered,answering,answers
anthoni,anthony
anthropolog,anthropology
antibodi,antibodies,antibody
anticip,anticipate,anticipated,anticipates,anticipating
antiqu,antique,antiques
anxieti,anxiety
anybodi,anybody
anymor,anymore
anyon,anyone
anyth,anything
anytim,anytime
anywher,anywhere
apach,apache
apart,apartment,apartments
app,apps
appar,apparent,apparently
appeal,appealed,appealing,appeals
appear,appearance,appeared,appearing,appears
appl,apple
appli,applied,applies,apply,applying
applianc,appliance,appliances
applic,applicable,applicant,applicants,application,applications
appoint,appointed,appointing,appointment,appointments,appoints
apprais,appraisal
appreci,appreciate,appreciated,appreciates,appreciating,appreciation
approach,approached,approaches,approaching
appropri,appropriate,appropriations
approv,approval,approve,approved,approves,approving
approxim,approximate,approximately
aquat,aquatic
arab,arabic
arbitr,arbitration
arbitrari,arbitrary
arcad,arcade
architect,architects
architectur,architectural,architecture
archiv,archive,archived,archives
area,areas
argu,argue,argued,argues,arguing
argument,arguments
aris,arise,arisen,arises,arising,arose
arkansa,arkansas
arm,armed,arming,arms
armi,army
arous,arouse,aroused,arouses,arousing
arrang,arrange,arranged,arrangement,arrangements,arranges,arranging
arrest,arrested,arresting,arrests
arriv,arrival,arrivals,arrive,arrived,arrives,arriving
art,arts
arthriti,arthritis
articl,article,articles
artifici,artificial
artist,artistic,artists
asbesto,asbestos
asid,aside
ask,asked,asking,asks
aspect,aspects
assembl,assemble,assembled,assembles,assembling,assembly
assert,asserted,asserting,asserts
assess,assessed,assesses,assessing,assessment,assessments
asset,assets
assign,assigned,assigning,assignment,assignments,assigns
assist,assistance,assistant,assisted,assisting,assists
associ,associate,associated,associates,associating,association,associations
assum,assume,assumed,assumes,assuming
assumpt,assumption,assumptions
assur,assurance,assure,assured,assures,assuring
astrolog,astrology
astronomi,astronomy
athen,athens
athlet,athletes,athletic,athletics
atlant,atlantic
atmospher,atmosphere,atmospheric
atom,atomic
attach,attached,attaches,attaching,attachment,attachments
attack,attacked,attacking,attacks
attain,attained,attaining,attains
attempt,attempted,attempting,attempts
attend,attendance,attended,attending,attends
attent,attention
attitud,attitude,attitudes
attorney,attorneys
attract,attracted,attracting,attraction,attractions,attractive,attracts
attribut,attribute,attributed,attributes,attributing
auction,auctions
audienc,audience
authent,authentic,authentication
author,authorities,authority,authorization,authorized,authors
auto,autos
autom,automated,automation
automat,automatic,automatically
automobil,automobile,automobiles
automot,automotive
avail,availability,available
avenu,avenue
averag,average
aviat,aviation
avoid,avoided,avoiding,avoids
aw,awful
await,awaited,awaiting,awaits
awar,aware,awareness
award,awarded,awarding,awards
awesom,awesome
axi,axis
babe,babes
babi,babies,baby
back,backed,backing,backs
background,backgrounds
bacteri,bacterial
bad,badly
badg,badge
bag,bags
bahama,bahamas
bake,baking
balanc,balance,balanced,balances,balancing
ball,balls
baltimor,baltimore
ban,banned,banning,bans
band,bands
bang,banged,banging,bangs
bank,banks
bankruptci,bankruptcy
banner,banners
bar,bars
barbado,barbados
barbi,barbie
bare,barely
bargain,bargains
barn,barnes
barri,barry
barrier,barriers
base,based,bases,basing
basebal,baseball
baselin,baseline
basenam,basename
basi,basis
basic,basically,basics
basket,baskets
basketbal,basketball
bath,baths
bathroom,bathrooms
batteri,batteries,battery
battl,battle
be,am,am not,are,aren't,been,being,beings,is,isn't,was,wasn't,were,weren't
beach,beaches
bead,beads
bean,beans
bear,bearing,bears,borne
beastal,beastality
beastial,beastiality
beat,beaten,beating,beats
beatl,beatles
beauti,beautiful,beautifully,beauty
becaus,because
becom,became,become,becomes,becoming
bed,bedding,beds
bedroom,bedrooms
befor,before
beg,begged,begging,begs
begin,began,beginning,begins,begun
beginn,beginner,beginners
behav,behave,behaved,behaves,behaving
behavior,behavioral
beij,beijing
belief,beliefs
believ,believe,believed,believes,believing
beliz,belize
bell,belle
belli,belly
belong,belonged,belonging,belongs
belt,belts
bend,bending,bends,bent
benefici,beneficial
benefit,benefited,benefiting,benefits
berri,berry
besid,beside,besides
bestial,bestiality
bestsel,bestsellers
bet,bets,betted,betting
betti,betty
bever,beverly
beverag,beverage,beverages
bibl,bible
biblic,biblical
bibliograph,bibliographic
bibliographi,bibliography
bicycl,bicycle
bid,bidden,bidding,bids
bike,bikes
bill,billing,bills
billi,billy
binari,binary
bind,binded,binding,binds
bio,bios
biodivers,biodiversity
biographi,biographies,biography
biolog,biological,biology
biotechnolog,biotechnology
bird,birds
bit,bits
bite,bited,bites,biting,bitten
bizarr,bizarre
bizrat,bizrate
black,blacks
blackberri,blackberry
blade,blades
blame,blamed,blames,blaming
bleed,bleeding
bless,blessed
block,blocked,blocking,blocks
blog,blogging,blogs
blogger,bloggers
blond,blonde
bloodi,bloody
blow,blew,blowing,blown,blows
blowjob,blowjobs
blue,blues
board,boards
boast,boasted,boasting,boasts
boat,boating,boats
bobbi,bobby
bodi,bodies,body
boil,boiled,boiling,boils
bond,bonds
bondag,bondage
bone,bones
boob,boobs
book,booked,booking,bookings,books
bookmark,bookmarks
bookstor,bookstore
boost,boosted,boosting,boosts
boot,boots
booti,booty
border,borders
bore,bored,boring
born,borned,borning,borns
borrow,borrowed,borrowing,borrows
bother,bothered,bothering,bothers
bottl,bottle,bottles
bounc,bounce,bounced,bounces,bouncing
boundari,boundaries,boundary
boutiqu,boutique
bow,bowed,bowing,bows
bowl,bowling
box,boxed,boxes,boxing
boy,boys
bracelet,bracelets
brake,brakes
branch,branches
brand,brands
break,breaking,breaks,broke,broken
breast,breasts
breath,breathe,breathed,breathes,breathing
breed,bred,breeding,breeds
bridg,bridge,bridges
brief,briefing,briefs
briefli,briefly
bring,bringing,brings,brought
brisban,brisbane
broadcast,broadcasting
brochur,brochure,brochures
broker,brokers
bronz,bronze
brook,brooks
brother,brothers
brows,browse,browsing
browser,browsers
brunett,brunette
brush,brushed,brushes,brushing
brussel,brussels
bubbl,bubble
buck,bucks
buddi,buddy
budget,budgets
bufe,bufing
bug,bugs
build,building,buildings,builds,built
builder,builders
bukkak,bukkake
bundl,bundle
bunni,bunny
buri,buried,buries,bury,burying
burk,burke
burn,burning,burns,burnt
burst,bursting,bursts
buse,buses
busi,business,businesses,busy
busti,busty
butt,butts
butterfli,butterfly
button,buttons
buy,bought,buying,buys
buyer,buyers
byte,bytes
cabinet,cabinets
cabl,cable,cables
cach,cache,cached
cake,cakes
calcul,calculate,calculated,calculates,calculating,calculation,calculations,calculator,calculators
calendar,calendars
calgari,calgary
calibr,calibration
call,called,calling,calls
calm,calmed,calming,calms
cam,cams
cambridg,cambridge
camcord,camcorder,camcorders
camera,cameras
camp,camping,camps
campaign,campaigned,campaigning,campaigns
campbel,campbell
can,can't,could,couldn't
cancel,cancellation,cancelled,cancelling,cancels
candi,candy
candid,candidate,candidates
candl,candle,candles
canva,canvas
cap,caps
capabl,capabilities,capability,capable
capac,capacity
capit,capital
captur,capture,captured,captures,capturing
car,cars
card,cards
care,cared,careful,carefully,cares,caring
career,careers
carlo,carlos
carniv,carnival
carolin,caroline
carri,carried,carries,carry,carrying
carrier,carriers
carrol,carroll
cartoon,cartoons
cartridg,cartridge,cartridges
carv,carve,carved,carven,carves,carving
case,cases
cashier,cashiers
casino,casinos
cassett,cassette
cast,casting,casts
castl,castle
cat,cats
catalog,catalogs
catalogu,catalogue
catch,catches,catching,caught
categori,categories,category
cater,catered,catering,caters
cathedr,cathedral
catherin,catherine
cathol,catholic
cattl,cattle
caus,cause,caused,causes,causing
ceas,cease,ceased,ceases,ceasing
ceil,ceiling
celeb,celebs
celebr,celebrate,celebrated,celebrates,celebrating,celebration,celebrities,celebrity
cell,cells
cemeteri,cemetery
cent,cents
center,centered,centers
centr,centre,centred,centres,centring
centuri,centuries,century
ceram,ceramic
ceremoni,ceremony
certain,certainly
certif,certificate,certificates,certification
certifi,certified
chain,chains
chair,chairs
challeng,challenge,challenged,challenges,challenging
chamber,chambers
champagn,champagne
champion,champions
championship,championships
chanc,chance,chances
chang,change,changed,changes,changing
channel,channels
chao,chaos
chapter,chapters
charact,characters
character,characterization,characterize,characterized,characterizes,characterizing
characteris,characterise,characterised,characterises,characterising
characterist,characteristic,characteristics
charg,charge,charged,charges,charging
charger,chargers
charit,charitable
chariti,charity
charl,charles
charli,charlie
charlott,charlotte
charm,charming,charms
chart,charts
chase,chased,chases,chasing
chassi,chassis
chat,chats,chatted,chatting
cheat,cheats
check,checked,checking,checks
cheer,cheered,cheering,cheers
chees,cheese
chemic,chemical,chemicals
chemistri,chemistry
chequ,cheque
cherri,cherry
chevi,chevy
chick,chicks
children,childrens
chines,chinese
chip,chips
chocol,chocolate
choic,choice,choices
choos,choose,chooses,choosing,chose,chosen
christian,christianity,christians
christin,christine
christma,christmas
christoph,christopher
chronicl,chronicle,chronicles
chubbi,chubby
church,churches
ciali,cialis
cigarett,cigarette,cigarettes
cindi,cindy
circl,circle,circles
circuit,circuits
circul,circulate,circulated,circulates,circulating,circulation
circumst,circumstances
citat,citation,citations
cite,cited,cites,citing
citi,cities,city
citizen,citizens
civil,civilization
claim,claimed,claiming,claims
clair,claire
clarifi,clarified,clarifies,clarify,clarifying
clariti,clarity
clark,clarke
class,classes
classic,classical,classics
classif,classification
classifi,classified,classifieds,classifies,classify,classifying
claus,clause
clean,cleaned,cleaning,cleans
cleaner,cleaners
clear,cleared,clearing,clearly,clears
clearanc,clearance
click,clicking,clicks
client,clients
climat,climate
climb,climbed,climbing,climbs
cling,clinging,clings,clung
clinic,clinical,clinics
clip,clips
clock,clocks
close,closed,closely,closes,closing
closur,closure
cloth,clothes,clothing
cloud,clouds
cloudi,cloudy
club,clubs
cluster,clusters
clutch,clutched,clutches,clutching
coach,coaches,coaching
coalit,coalition
coat,coated,coating
cock,cocks
code,codes,coding
coffe,coffee
cognit,cognitive
coin,coins
coincid,coincide,coincided,coincides,coinciding
collabor,collaboration,collaborative
collaps,collapse,collapsed,collapses,collapsing
colleagu,colleague,colleagues
collect,collectables,collected,collectible,collectibles,collecting,collection,collections,collective,collects
collector,collectors
colleg,college,colleges
collin,collins
cologn,cologne
coloni,colonial,colony
color,colored,colors
colour,coloured,colouring,colours
column,columns
columnist,columnists
combin,combination,combinations,combine,combined,combines,combining
come,came,comes,coming
comedi,comedy
comfort,comfortable
comic,comics
command,commanded,commander,commanding,commands
commenc,commence,commenced,commences,commencing
comment,commented,commenting,comments
commentari,commentary
commerc,commerce
commerci,commercial
commiss,commission,commissioned,commissioning,commissions
commission,commissioner,commissioners
commit,commitment,commitments,commits,committed,committing
committe,committee,committees
commod,commodities,commodity
common,commonly,commons
communic,communicate,communicated,communicates,communicating,communication,communications
communiti,communities,community
compani,companies,company
compar,comparable,comparative,compare,compared,compares,comparing
comparison,comparisons
compat,compatibility,compatible
compel,compelled,compelling,compels
compens,compensate,compensated,compensates,compensating,compensation
compet,compete,competed,competent,competes,competing
competit,competition,competitions,competitive
competitor,competitors
compil,compilation,compile,compiled,compiler,compiles,compiling
complain,complained,complaining,complains
complaint,complaints
complet,complete,completed,completely,completes,completing,completion
complex,complexity
compli,complied,complies,comply,complying
complianc,compliance
complic,complicated,complications
complimentari,complimentary
compon,component,components
compos,compose,composed,composer,composes,composing
composit,composite,composition
compound,compounds
comprehens,comprehensive
compress,compressed,compression
compris,comprise,comprised,comprises,comprising
compromis,compromise
comput,computation,computational,compute,computed,computer,computers,computing
con,cons
conceal,concealed,concealing,conceals
conced,concede,conceded,concedes,conceding
conceiv,conceive,conceived,conceives,conceiving
concentr,concentrate,concentrated,concentrates,concentrating,concentration,concentrations
concept,concepts
conceptu,conceptual
concern,concerned,concerning,concerns
concert,concerts
conclud,conclude,concluded,concludes,concluding
conclus,conclusion,conclusions
concret,concrete
condemn,condemned,condemning,condemns
condit,condition,conditional,conditioning,conditions
condo,condos
conduct,conducted,conducting,conducts
confer,conference,conferences,conferred,conferring,confers
conferenc,conferencing
confess,confessed,confesses,confessing
confid,confidence,confident
confidenti,confidential,confidentiality
configur,configuration,configurations,configure,configured,configuring
confin,confine,confined,confines,confining
confirm,confirmation,confirmed,confirming,confirms
conflict,conflicts
conform,conformed,conforming,conforms
confront,confronted,confronting,confronts
confus,confuse,confused,confuses,confusing,confusion
congratul,congratulations
congression,congressional
conjunct,conjunction
connect,connected,connecting,connection,connections,connectivity,connects
connector,connectors
conscious,consciousness
consecut,consecutive
consequ,consequence,consequences,consequently
conserv,conservation,conservative
consid,consider,considered,considering,considers
consider,considerable,consideration,considerations
consist,consisted,consistency,consistent,consistently,consisting,consists
consol,console,consoles
consolid,consolidated,consolidation
conspiraci,conspiracy
constant,constantly
constitut,constitute,constituted,constitutes,constituting,constitution,constitutional
constraint,constraints
construct,constructed,constructing,construction,constructs
consult,consultancy,consultant,consultants,consultation,consulted,consulting,consults
consum,consume,consumed,consumer,consumers,consumes,consuming
consumpt,consumption
contact,contacted,contacting,contacts
contain,contained,container,containers,containing,contains
contamin,contamination
contempl,contemplate,contemplated,contemplates,contemplating
contemporari,contemporary
content,contents
contest,contests
contin,continent
continent,continental
continu,continually,continue,continued,continues,continuing,continuity,continuous,continuously
contract,contracted,contracting,contracts
contractor,contractors
contrari,contrary
contrast,contrasted,contrasting,contrasts
contribut,contribute,contributed,contributes,contributing,contribution,contributions
contributor,contributors
control,controlled,controller,controllers,controlling,controls
controversi,controversial,controversy
conveni,convenience,convenient
convent,convention,conventional,conventions
converg,convergence
convers,conversation,conversations,conversion
convert,converted,converter,convertible,converting,converts
convey,conveyed,conveying,conveys
convict,convicted,convicting,conviction,convicts
convinc,convince,convinced,convinces,convincing
cook,cooked,cooking,cooks
cooki,cookie,cookies
cool,cooled,cooling,cools
cooper,cooperation,cooperative
coordin,coordinate,coordinated,coordinates,coordination,coordinator
cope,coped,copes,coping
copi,copied,copies,copy,copying
copyright,copyrighted,copyrights
cornel,cornell
corner,corners
cornwal,cornwall
corp,corps
corpor,corporate,corporation,corporations
correct,corrected,correcting,correction,corrections,correctly,corrects
correl,correlation
correspond,corresponded,correspondence,corresponding,corresponds
corrupt,corruption
cosmet,cosmetic,cosmetics
cost,costing,costs
costum,costume,costumes
cottag,cottage,cottages
council,councils
counsel,counseling
count,counted,counting,counts
counter,countered,countering,counters
counti,counties,county
countri,countries,country
coupl,couple,coupled,couples,coupling
coupon,coupons
courag,courage
cours,course,courses
court,courts
courtesi,courtesy
cover,covered,covering,covers
coverag,coverage
crack,cracked,cracking,cracks
cradl,cradle
craft,crafts
crap,craps
crash,crashed,crashes,crashing
crawl,crawled,crawling,crawls
crazi,crazy
creat,create,created,creates,creating
creation,creations
creativ,creative,creativity
creatur,creature,creatures
credit,credits
creep,creeping,creeps,crept
cri,cried,cries,cry,crying
crime,crimes
crimin,criminal
crisi,crisis
critic,critical,criticism,criticize,criticized,criticizes,criticizing,critics
criticis,criticise,criticised,criticises,criticising
crop,crops
cross,crossed,crosses,crossing
cruis,cruise,cruises
crush,crushed,crushes,crushing
cuisin,cuisine
cultur,cultural,culture,cultures
cumshot,cumshots
cumul,cumulative
cup,cups
curl,curled,curling,curls
currenc,currencies,currency
current,currently
curti,curtis
curv,curve,curves
custodi,custody
custom,customer,customers,customize,customized,customs
cut,cuts,cutting
cycl,cycle,cycles,cycling
cylind,cylinder
daddi,daddy
daili,daily
dairi,dairy
daisi,daisy
dalla,dallas
damag,damage,damaged,damages,damaging
dan,dans
danc,dance,danced,dances,dancing
danger,dangerous
danni,danny
dare,dared,daren't,dares,daring
dark,darkness
databas,database,databases
date,dated,dates,dating
daughter,daughters
davi,davis
day,days
dead,deadly
deadlin,deadline
deal,dealing,deals,dealt
dealer,dealers
dealtim,dealtime
death,deaths
debat,debate,debated,debates,debating
decad,decade,decades
decemb,december
decid,decide,decided,decides,deciding
decim,decimal
decis,decision,decisions
declar,declaration,declare,declared,declares,declaring
declin,decline,declined,declines,declining
decor,decorate,decorated,decorates,decorating,decorative
decreas,decrease,decreased,decreases,decreasing
dedic,dedicate,dedicated,dedicates,dedicating
deem,deemed,deeming,deems
deepli,deeply
defeat,defeated,defeating,defeats
defect,defects
defenc,defence
defend,defendant,defended,defending,defends
defens,defense,defensive
defer,deferred
defin,define,defined,defines,defining
definit,definitely,definition,definitions
degre,degree,degrees
delawar,delaware
delay,delayed,delaying,delays
deleg,delegation
delet,delete,deleted
delici,delicious
deliv,deliver,delivered,delivering,delivers
deliveri,delivery
delux,deluxe
demand,demanded,demanding,demands
democraci,democracy
democrat,democratic,democrats
demograph,demographic
demonstr,demonstrate,demonstrated,demonstrates,demonstrating,demonstration
deni,denied,denies,deny,denying
denni,dennis
dens,dense
densiti,density
dentist,dentists
depart,departed,departing,department,departments,departs
department,departmental
departur,departure
depend,depended,dependence,dependent,depending,depends
depict,depicted,depicting,depicts
deploy,deployment
deposit,deposited,depositing,deposits
depress,depression
depriv,deprive,deprived,deprives,depriving
deputi,deputy
derbi,derby
deriv,derive,derived,derives,deriving
descend,descended,descending,descends
describ,describe,described,describes,describing
descript,description,descriptions
deserv,deserve,deserved,deserves,deserving
design,designated,designation,designed,designer,designers,designing,designs
desir,desirable,desire,desired,desires,desiring
desktop,desktops
desper,desperate
despit,despite
destin,destination,destinations
destini,destiny
destroy,destroyed,destroying,destroys
destruct,destruction
detail,detailed,details
detect,detected,detecting,detection,detective,detects
determin,determination,determine,determined,determines,determining
deutsch,deutsche
develop,developed,developer,developers,developing,development,developments,develops
development,developmental
deviat,deviation
devic,device,devices
devis,devise,devised,devises,devising
devot,devote,devoted,devotes,devoting
diabet,diabetes
diagnosi,diagnosis
diagnost,diagnostic
dialogu,dialogue
diamet,diameter
diamond,diamonds
dian,diane
diari,diary
dick,dicke,dicks
dictat,dictate,dictated,dictates,dictating
dictionari,dictionaries,dictionary
die,died,dies,dying
dietari,dietary
diff,diffs
differ,differed,difference,differences,different,differently,differing,differs
differenti,differential,differentiate,differentiated,differentiates,differentiating
difficulti,difficulties,difficulty
dig,digging,digs,dug
digit,digital
dildo,dildos
dimens,dimension,dimensions
dimension,dimensional
diminish,diminished,diminishes,diminishing
dine,dining
dip,dipped,dipping,dips
direct,directed,directing,direction,directions,directive,directly,directs
director,directors
directori,directories,directory
dirti,dirty
disabl,disabilities,disability,disable,disabled
disagre,disagree,disagreed,disagreeing,disagrees
disappear,disappeared,disappearing,disappears
disappoint,disappointed
disast,disaster
disc,discs
discharg,discharge,discharged,discharges,discharging
disciplin,discipline,disciplines
disciplinari,disciplinary
disclaim,disclaimer,disclaimers
disclos,disclose,disclosed,discloses,disclosing
disclosur,disclosure
discount,discounted,discounts
discov,discover,discovered,discovering,discovers
discoveri,discovery
discret,discrete,discretion
discrimin,discrimination
discuss,discussed,discusses,discussing,discussion,discussions
diseas,disease,diseases
dish,dishes
disk,disks
dislik,dislike,disliked,dislikes,disliking
dismiss,dismissed,dismisses,dismissing
disord,disorder,disorders
dispatch,dispatched
display,displayed,displaying,displays
dispos,disposal,dispose,disposed,disposes,disposing
disposit,disposition
disput,dispute,disputes
dissolv,dissolve,dissolved,dissolves,dissolving
distanc,distance,distances
distinct,distinction
distinguish,distinguished,distinguishes,distinguishing
distribut,distribute,distributed,distributes,distributing,distribution,distributions
distributor,distributors
district,districts
disturb,disturbed,disturbing,disturbs
dive,diving
divers,diverse,diversity
divert,diverted,diverting,diverts
divid,divide,divided,divides,dividing
divin,divine
divis,division,divisions
divorc,divorce
do,did,didn't,does,doesn't,doing,don't,done
doc,docs
doctor,doctors
doctrin,doctrine
document,documentation,documented,documents
documentari,documentary
dodg,dodge
dog,dogs
doll,dolls
dollar,dollars
domain,domains
domest,domestic
domin,dominant,dominate,dominated,dominates,dominating
donat,donate,donated,donation,donations
donor,donors
door,doors
dosag,dosage
doubl,double,doubled,doubles,doubling
doubt,doubted,doubting,doubts
dougla,douglas
download,downloadable,downloaded,downloading,downloads
dozen,dozens
draft,banked,banking,drafts
drag,dragged,dragging,drags
drain,drained,draining,drains
drainag,drainage
dramat,dramatic,dramatically
draw,drawing,drawings,drawn,draws,drew
dream,dreaming,dreams,dreamt
dress,dressed,dresses,dressing
dri,dried,dries,dry,drying
drift,drifted,drifting,drifts
drill,drilling
drink,drank,drinking,drinks,drunk
drive,driven,drives,driving,drove
driver,drivers
drop,dropped,dropping,drops
drown,drowned,drowning,drowns
drug,drugs
drum,drums
dump,dumped,dumping,dumps
duplic,duplicate
durabl,durable
durat,duration
dure,during
duti,duties,duty
dynam,dynamic,dynamics
eagl,eagle,eagles
ear,ears
earli,early
earn,earned,earning,earnings,earns
earring,earrings
earthquak,earthquake
eas,ease,eased,eases,easing
easi,easy
easili,easily
eat,ate,eaten,eating,eats
eboni,ebony
ebook,ebooks
echo,echoed,echoes,echoing
eclips,eclipse
ecolog,ecological,ecology
ecommerc,ecommerce
econom,economic,economics
economi,economies,economy
ed,eds
eddi,eddie
edg,edge,edges
edit,edited,editing,edition,editions,edits
editor,editors
editori,editorial,editorials
educ,educate,educated,educates,educating,education,educational,educators
edward,edwards
effect,effected,effecting,effective,effectively,effectiveness,effects
effici,efficiency,efficient,efficiently
effort,efforts
egg,eggs
ejacul,ejaculation
elder,elderly
elect,elected,electing,election,elections,elects
elector,electoral
electr,electric,electrical,electricity
electron,electronic,electronics
eleg,elegant
element,elements
elementari,elementary
eleph,elephant
elev,elevation
elig,eligibility,eligible
elimin,eliminate,eliminated,eliminates,eliminating,elimination
elit,elite
elli,ellis
els,else
elsewher,elsewhere
elvi,elvis
emac,emacs
email,emails
embark,embarked,embarking,embarks
embassi,embassy
embed,embedded
embodi,embodied,embodies,embody,embodying
embrac,embrace,embraced,embraces,embracing
emerg,emerge,emerged,emergency,emerges,emerging
emili,emily
emir,emirates
emiss,emission,emissions
emot,emotional,emotions
emphas,emphasize,emphasized,emphasizes,emphasizing
emphasis,emphasise,emphasised,emphasises,emphasising
empir,empire,empirical
employ,employed,employer,employers,employing,employment,employs
employe,employee,employees
empti,empty
enabl,enable,enabled,enables,enabling
enclos,enclose,enclosed,encloses,enclosing
enclosur,enclosure
encod,encoding
encount,encounter,encountered,encountering,encounters
encourag,encourage,encouraged,encourages,encouraging
encrypt,encryption
end,ended,ending,ends
endang,endangered
endors,endorse,endorsed,endorsement,endorses,endorsing
enemi,enemies,enemy
energi,energy
enforc,enforce,enforced,enforcement,enforces,enforcing
engag,engage,engaged,engagement,engages,engaging
engin,engine,engineer,engineering,engineers,engines
enhanc,enhance,enhanced,enhancement,enhancements,enhances,enhancing
enjoy,enjoyed,enjoying,enjoys
enlarg,enlarge,enlargement
enorm,enormous
enquir,enquire,enquired,enquires,enquiring
enquiri,enquiries,enquiry
enrol,enrolled,enrollment
ensembl,ensemble
ensur,ensure,ensured,ensures,ensuring
entail,entailed,entailing,entails
enter,entered,entering,enters
enterpris,enterprise,enterprises
entertain,entertained,entertaining,entertainment,entertains
entir,entire,entirely
entiti,entities,entity
entitl,entitle,entitled,entitles,entitling
entranc,entrance
entrepreneur,entrepreneurs
entri,entries,entry
envelop,envelope
environ,environment,environments
environment,environmental
envisag,envisage,envisaged,envisages,envisaging
enzym,enzyme
eo,eos
epinion,epinions
episod,episode,episodes
equal,equality,equally
equat,equation,equations
equip,equipment,equipped,equipping,equips
equiti,equity
equival,equivalent
erect,erected,erecting,erects
erot,erotic
error,errors
escap,escape,escapes,scaped,scaping
escort,escorts
especi,especially
essay,essays
essenc,essence
essenti,essential,essentially,essentials
establish,established,establishes,establishing,establishment
estat,estate,estates
estim,estimate,estimated,estimates,estimating,estimation
etern,eternal
ethic,ethical,ethics
eugen,eugene
euro,euros
europ,europe
evalu,evaluate,evaluated,evaluates,evaluating,evaluation,evaluations
evan,evans
evanesc,evanescence
even,evening
event,events
eventu,eventually
everi,every
everybodi,everybody
everyon,everyone
everyth,everything
everywher,everywhere
evid,evidence,evident
evolut,evolution
evolv,evolve,evolved,evolves,evolving
exact,exactly
exam,exams
examin,examination,examinations,examine,examined,examines,examining
exampl,example,examples
exceed,exceeded,exceeding,exceeds
excel,excellence,excellent
except,exception,exceptional,exceptions
excess,excessive
exchang,exchange,exchanged,exchanges,exchanging
excit,excited,excitement,exciting
exclud,exclude,excluded,excludes,excluding
exclus,exclusion,exclusive,exclusively
excus,excuse,excused,excuses,excusing
execut,execute,executed,executes,executing,execution,executive,executives
exempt,exemption
exercis,exercise,exercised,exercises,exercising
exert,exerted,exerting,exerts
exhaust,exhausted,exhausting,exhausts
exhibit,exhibited,exhibiting,exhibition,exhibitions,exhibits
exist,existed,existence,existing,exists
exot,exotic
expand,expanded,expanding,expands
expans,expansion
expansi,expansys
expect,expectations,expected,expecting,expects
expenditur,expenditure,expenditures
expens,expense,expenses,expensive
experi,experience,experienced,experiences,experiencing,experiment,experiments
experiment,experimental
expert,experts
expertis,expertise
expir,expiration,expired,expires
explain,explained,explaining,explains
explan,explanation
explicit,explicitly
explod,explode,exploded,explodes,exploding
exploit,exploited,exploiting,exploits
explor,exploration,explore,explored,explorer,explores,exploring
explos,explosion
export,exported,exporting,exports
expos,expose,exposed,exposes,exposing
exposur,exposure
express,expressed,expresses,expressing,expression,expressions
extend,extended,extending,extends
extens,extension,extensions,extensive
extern,external
extra,extras
extract,extracted,extracting,extraction,extracts
extraordinari,extraordinary
extrem,extreme,extremely
eye,eyed,eyes
fabric,fabrics
fabul,fabulous
face,faced,faces,facing
facil,facilities,facility
facilit,facilitate,facilitated,facilitates,facilitating
fact,facts
factor,factors
factori,factory
faculti,faculty
fade,faded,fades,fading
fail,failed,failing,fails
failur,failure,failures
fair,fairly
fairi,fairy
fall,fallen,falling,falls,fell
fals,false
famili,families,family
fan,fans
fanci,fancied,fancies,fancy,fancying
fantasi,fantasy
fantast,fantastic
faq,faqs
fare,fares
farm,farming,farms
farmer,farmers
fascin,fascinating
father,fathers
fatti,fatty
favor,favors
favorit,favorite,favorites
favour,favoured,favouring,favours
fear,feared,fearing,fears
featur,feature,featured,features,featuring
februari,february
feder,federal,federation
feed,feeding,feeds,feeing,fees
feel,feeling,feelings,feels,felt
femal,female,females
fenc,fence
ferri,ferry
festiv,festival,festivals
fetch,fetched,fetches,fetching
fibr,fibre
field,fields
fifti,fifty
fight,fighting,fights,fought
fighter,fighters
figur,figure,figured,figures,figuring
file,filed,files,filing
filenam,filename
fill,filled,filling,fills
film,filme,films
filter,filtering,filters
final,finally,finals
financ,finance,financed,finances,financing
financi,financial
find,finding,findings,finds,found
findarticl,findarticles
fine,fined,fines,fining
finger,fingering,fingers
finish,finished,finishes,finishing
finit,finite
fire,fired,fires,firing
fireplac,fireplace
firewal,firewall
firewir,firewire
firm,firms
firmwar,firmware
fish,fishing
fisheri,fisheries
fist,fisting
fit,fitness,fits,fitted,fitting
fix,fixed,fixes,fixing
fixtur,fixtures
flag,flags
flash,flashed,flashes,flashing
flasher,flashers
flee,fled,fleeing,flees
fleec,fleece
flexibl,flexibility,flexible
fli,flew,flies,flown,fly,flying
flight,flights
fling,flinging,flings,flung
float,floated,floating,floats
flood,flooded,flooding,floods
floor,flooring,floors
floppi,floppy
florenc,florence
florist,florists
flow,flowed,flowing,flows
flower,flowers
focus,focused,focuses,focusing,focussed,focussing
fold,folded,folding,folds
folder,folders
folk,folks
follow,followed,following,follows
font,fonts
food,foods
footag,footage
footbal,football
forb,forbes
forbid,forbade,forbidden,forbidding,forbids
forc,force,forced,forces,forcing
forecast,forecasts
forest,forests
forestri,forestry
forev,forever
forg,forge
forget,forgets,forgetting,forgot,forgotten
forgiv,forgave,forgive,forgiven,forgives,forgiving
form,formed,forming,forms
format,formation,formats,formatting
former,formerly
formul,formulate,formulated,formulates,formulating
forti,forty
fortun,fortune
forum,forums
forward,forwarding
foto,fotos
found,find,founded
foundat,foundation,foundations
fragranc,fragrance,fragrances
frame,framed,frames,framing
franc,france
franchis,franchise
franci,francis
free,freed,freeing,frees
freelanc,freelance
freeli,freely
freewar,freeware
freez,freeze,freezes,freezing,froze,frozen
frequenc,frequencies,frequency
frequent,frequently
fridg,fridge
friend,friendly,friends
frighten,frightened,frightening,frightens
frontpag,frontpage
frown,frowned,frowning,frowns
fruit,fruits
fuck,fucked,fucking,fucks
fulfil,fulfilled,fulfilling,fulfils
fulli,fully
function,functional,functionality,functioned,functioning,functions
fund,funded,funding,funds
fundament,fundamental,fundamentals
fundrais,fundraising
funer,funeral
funki,funky
funni,funny
furnish,furnished,furnishings
furnitur,furniture
furthermor,furthermore
futur,future,futures
fuzzi,fuzzy
gadget,gadgets
gain,gained,gaining,gains
galaxi,galaxy
galleri,galleries,gallery
gambl,gambling
game,games,gaming
gamecub,gamecube
gap,gaps
garag,garage
garbag,garbage
garden,gardening,gardens
gari,gary
gasolin,gasoline
gasp,gasped,gasping,gasps
gate,gates
gather,gathered,gathering,gathers
gaug,gauge
gay,gays
gaze,gazed,gazes,gazing
gazett,gazette
gene,genes
genealog,genealogy
general,generally
generat,generate,generated,generates,generating,generation,generations,generator,generators
genesi,genesis
genet,genetic,genetics
genom,genome
genr,genre,genres
gentl,gentle,gently
genuin,genuine
geograph,geographic,geographical
geographi,geography
geolog,geological,geology
geometri,geometry
georg,george
germani,germany
get,gets,getting,got,gotten
giant,giants
gift,gifts
girl,girls
give,gave,given,gives,giving
glanc,glance,glanced,glances,glancing
glass,glasses
glori,glory
glossari,glossary
glove,gloves
glucos,glucose
go,goes,going,gone,went
goal,goals
god,gods
good,goods
googl,google
govern,governance,governed,governing,government,governments,governs
government,governmental
grab,grabbed,grabbing,grabs
grade,grades
gradual,gradually
graduat,graduate,graduated,graduates,graduation
gram,grams
grand,grande
granni,granny
grant,granted,granting,grants
graph,graphs
graphic,graphical,graphics
grasp,grasped,grasping,grasps
grate,grateful
grati,gratis
graviti,gravity
great,greatly
greec,greece
green,greene
greenhous,greenhouse
greet,greeted,greeting,greetings,greets
gregori,gregory
grin,grinned,grinning,grins
grip,gripping,grips,gript
groceri,grocery
groov,groove
ground,grounds
groundwat,groundwater
group,groups
grow,grew,growing,grown,grows
guarante,guarantee,guaranteed,guaranteeing,guarantees
guard,guarded,guarding,guards
guess,guessed,guesses,guessing
guest,guests
guid,guide,guided,guides,guiding
guidanc,guidance
guidelin,guidelines
guilti,guilty
guitar,guitars
gun,guns
guy,guys
habit,habits
hairi,hairy
halt,halted,halting,halts
hampshir,hampshire
han,hans
hand,handed,handing,hands
handbag,handbags
handheld,handhelds
handi,handy
handjob,handjobs
handl,handle,handled,handles,handling
handmad,handmade
hang,hanging,hangs,hung
happen,happened,happening,happens
happi,happiness,happy
harass,harassment
hard,hardly
hardcor,hardcore
hardcov,hardcover
hardwar,hardware
harm,harmful
harmoni,harmony
harri,harris,harry
hat,hats
hate,hated,hates,hating
have,had,hadn't,has,hasn't,haven't,having
hay,hayes
hazard,hazardous,hazards
head,headed,heading,heads
header,headers
headlin,headline,headlines
headphon,headphones
headquart,headquarters
heal,healing
healthcar,healthcare
healthi,healthy
hear,heard,hearing,hearings,hears
heart,hearts
heat,heated,heating,heats,het
heavi,heavy
heavili,heavily
height,heights
helicopt,helicopter
help,helped,helpful,helping,helps
henc,hence
henri,henry
hepat,hepatitis
herb,herbs
herebi,hereby
heritag,heritage
hero,heroes
hesit,hesitate,hesitated,hesitates,hesitating
hide,hid,hidden,hides,hiding
hierarchi,hierarchy
high,highly,highs
highlight,highlighted,highlighting,highlights
highway,highways
hike,hiking
hill,hills
hint,hints
hire,hired,hires,hiring
hispan,hispanic
histor,historic,historical
histori,history
hit,hits,hitting
hobbi,hobbies,hobby
hold,held,holding,holdings,holds
holder,holders
hole,holes
holi,holy
holiday,holidays
holli,holly
holm,holmes
home,homes
homepag,homepage
hondura,honduras
honor,honors
honour,honoured,honouring,honours
hope,hoped,hopefully,hopes,hoping
hopkin,hopkins
horizont,horizontal
hormon,hormone
horni,horny
horribl,horrible
hors,horse,horses
hospit,hospital,hospitality,hospitals
host,hosted,hosting,hosts
hostel,hostels
hotel,hotels
hour,hourly,hours
hous,house,housed,houses,housing
household,households
housew,housewives
housewar,housewares
howev,however
hugh,hughes
human,humanities,humanity,humans
humid,humidity
hundr,hundred,hundreds
hungari,hungary
hungri,hungry
hunt,hunted,hunting,hunts
hurri,hurried,hurries,hurry,hurrying
hurrican,hurricane
hurt,hurting,hurts
hwi,hwy
hydraul,hydraulic
hydrocodon,hydrocodone
hygien,hygiene
hypothesi,hypothesis
hypothet,hypothetical
icon,icons
id,ids
idea,ideas
ident,identical,identity
identif,identification
identifi,identified,identifier,identifies,identify,identifying
idl,idle
ignor,ignore,ignored,ignores,ignoring
ill,illness
illeg,illegal
illinoi,illinois
illustr,illustrate,illustrated,illustrates,illustrating,illustration,illustrations
imag,image,images,imaging
imagin,imagination,imagine,imagined,imagines,imagining
immedi,immediate,immediately
immigr,immigrants,immigration
immun,immune
immunolog,immunology
impact,impacts
impair,impaired
imperi,imperial
implement,implementation,implemented,implementing,implements
impli,implied,implies,imply,implying
implic,implications
import,importance,important,importantly,imported,importing,imports
impos,impose,imposed,imposes,imposing
imposs,impossible
impress,impressed,impresses,impressing,impression,impressive
improv,improve,improved,improvement,improvements,improves,improving
in,ined,ining,ins
inappropri,inappropriate
incent,incentive,incentives
inch,inches
incid,incidence,incident,incidents
includ,include,included,includes,including
inclus,inclusion,inclusive
incom,income,incoming
incomplet,incomplete
incorpor,incorporate,incorporated,incorporates,incorporating
increas,increase,increased,increases,increasing,increasingly
incred,incredible
incur,incurred,incurring,incurs
inde,indeed
independ,independence,independent,independently
index,indexed,indexes
indi,indie
indian,indians
indianapoli,indianapolis
indic,indicate,indicated,indicates,indicating,indication,indicator,indicators,indices
indigen,indigenous
individu,individual,individually,individuals
induc,induce,induced,induces,inducing
induct,induction
industri,industrial,industries,industry
inexpens,inexpensive
infant,infants
infect,infected,infection,infections
infecti,infectious
infinit,infinite
inflat,inflation
influenc,influence,influenced,influences,influencing
inform,informal,information,informational,informative,informed,informing,informs
infrar,infrared
infrastructur,infrastructure
infring,infringement
ingredi,ingredients
inherit,inherited,inheriting,inherits
inhibit,inhibited,inhibiting,inhibits
initi,initial,initially,initiate,initiated,initiates,initiating,initiative,initiatives
inject,injection
injur,injure,injured,injures,injuring
injuri,injuries,injury
inlin,inline
inn,inns
innoc,innocent
innov,innovation,innovations,innovative
input,inputs
inquir,inquire
inquiri,inquiries,inquiry
insect,insects
insert,inserted,inserting,insertion,inserts
insid,inside,insider
insight,insights
insist,insisted,insisting,insists
inspect,inspected,inspecting,inspection,inspections,inspects
inspir,inspiration,inspire,inspired,inspires,inspiring
instal,install,installation,installations,installed,installing,instals
instanc,instance,instances
instant,instantly
institut,institute,institutes,institution,institutional,institutions
instruct,instructed,instructing,instruction,instructional,instructions,instructs
instructor,instructors
instrument,instrumental,instrumentation,instruments
insul,insulation
insur,insurance,insured
intak,intake
integ,integer
integr,integral,integrate,integrated,integrates,integrating,integration,integrity
intellectu,intellectual
intellig,intelligence,intelligent
intend,intended,intending,intends
intens,intense,intensity,intensive
intent,intention
interact,interaction,interactions,interactive
interest,interested,interesting,interests
interfac,interface,interfaces
interfer,interfere,interfered,interference,interferes,interfering
intermedi,intermediate
intern,internal,international,internationally
interpret,interpretation,interpreted,interpreting,interprets
interraci,interracial
interrupt,interrupted,interrupting,interrupts
intersect,intersection
interst,interstate
interv,interval,intervals
interven,intervene,intervened,intervenes,intervening
intervent,intervention,interventions
interview,interviewed,interviewing,interviews
intim,intimate
introduc,introduce,introduced,introduces,introducing
introduct,introduction
introductori,introductory
invas,invasion
invent,invented,inventing,invention,invents
inventori,inventory
invest,invested,investing,investment,investments,invests
investig,investigate,investigated,investigates,investigating,investigation,investigations,investigator,investigators
investor,investors
invis,invisible,invision
invit,invitation,invitations,invite,invited,invites,inviting
invoic,invoice
involv,involve,involved,involvement,involves,involving
ip,ips
ir,irs
irrig,irrigation
isl,isle
islam,islamic
island,islands
isol,isolate,isolated,isolates,isolating,isolation
isra,israeli
issu,issue,issued,issues,issuing
it,its
ital,italic
itali,italy
item,items
itun,itunes
ivori,ivory
jacket,jackets
jacki,jackie
jacksonvill,jacksonville
jame,james
jami,jamie
januari,january
japanes,japanese
jean,jeans
jenni,jenny
jennif,jennifer
jeremi,jeremy
jerri,jerry
jess,jesse
jet,jets
jew,jews
jewelleri,jewellery
jewelri,jewelry
jimmi,jimmy
job,jobs
john,johns
johnni,johnny
join,joined,joining,joins
joke,jokes
jone,jones
journal,journalism,journals
journalist,journalists
joyc,joyce
judg,judge,judged,judges,judging
judi,judy
judici,judicial
juic,juice
juli,julie,july
jump,jumped,jumping,jumps
jungl,jungle
juri,jury
jurisdict,jurisdiction
justic,justice
justifi,justified,justifies,justify,justifying
juvenil,juvenile
kansa,kansas
karaok,karaoke
kathi,kathy
kati,katie
keep,keeping,keeps,kept
kelli,kelly
kennedi,kennedy
kenni,kenny
kentucki,kentucky
kerri,kerry
key,keys
keyboard,keyboards
keyword,keywords
kick,kicked,kicking,kicks
kid,kids
kill,killed,killing,kills
kilomet,kilometers
kinas,kinase
kind,kinds
king,kings
kiss,kissed,kisses,kissing
kit,kits
kitti,kitty
knight,knights
knit,knits,knitted,knitting
knive,knives
knock,knocked,knocking,knocks
know,knew,knowing,known,knows
knowledg,knowledge
lab,labs
label,labeled,labelled,labelling,labels
laboratori,laboratories,laboratory
lack,lacked,lacking,lacks
ladi,ladies,lady
lafayett,lafayette
lake,lakes
lamp,lamps
lanc,lance
lancast,lancaster
land,landed,landing,lands
landscap,landscape,landscapes
lane,lanes
languag,language,languages
lao,laos
laptop,laptops
larg,large,largely
larri,larry
last,lasted,lasting,lasts
late,lately
latina,latinas
latitud,latitude
lauderdal,lauderdale
laugh,laughed,laughing,laughs
launch,launched,launches,launching
laundri,laundry
law,laws
lawrenc,lawrence
lawyer,lawyers
lay,layed,laying,lays
layer,layers
lazi,lazy
lead,leading,leads,led
leader,leaders
leagu,league
lean,leaning,leans,leant
leap,leaping,leaps,leapt
learn,learned,learning,learns,learnt
learner,learners
leas,lease,leasing
leav,leave,leaved,leaves,leaving
lectur,lecture,lectures
leed,leeds
leg,legs
legaci,legacy
legal,legally
legend,legends
legendari,legendary
legisl,legislation,legislative
legislatur,legislature
legitim,legitimate
leisur,leisure
len,lens
lend,lending,lends,lent
lender,lenders
lens,lenses
leon,leone
lesbian,lesbians
lesli,leslie
lesson,lessons
let,lets,letting
letter,letters
level,levels
levi,levy
lewi,lewis
liabil,liabilities,liability
liabl,liable
lib,libs
liber,liberal
liberti,liberty
librari,libraries,library
licenc,licence
licens,license,licensed,licenses,licensing
lick,licking
lie,lied,lies,lying
lifestyl,lifestyle
lifetim,lifetime
lift,lifted,lifting,lifts
light,lighted,lighting,lights
lightn,lightning
like,liked,likely,likes,liking
likewis,likewise
limit,limitation,limitations,limited,limiting,limits
limousin,limousines
line,lined,lines,lining
lingeri,lingerie
link,linked,linking,links
lion,lions
lip,lips
list,listed,listing,listings,lists
listen,listened,listening,listens
listpric,listprice
liter,literally
literaci,literacy
literari,literary
literatur,literature
litig,litigation
littl,little
live,lived,lives,living
load,loaded,loading,loads
loan,loans
lobbi,lobby
local,locale,locally
locat,locate,located,locates,locating,location,locations,locator
lock,locked,locking,locks
lodg,lodge,lodging
log,logged,logging,logs
logic,logical
logist,logistics
logo,logos
lone,lonely
long,longed,longing,longs
longitud,longitude
look,looked,looking,looks
loop,loops
loos,loose
lose,loses,losing,lost
loss,losses
lot,lots
lotteri,lottery
loui,louis
louis,louise
louisvill,louisville
loung,lounge
love,loved,lovely,loves,loving
lover,lovers
low,lows
lower,lowered,lowering,lowers
luca,lucas
luci,lucy
lucki,lucky
luggag,luggage
lui,luis
luxuri,luxury
lyco,lycos
lyric,lyrics
machin,machine,machines
machineri,machinery
mad,madness
magazin,magazine,magazines
magic,magical
magnet,magnetic
magnific,magnificent
magnitud,magnitude
mail,mailed,mailing,mails
main,maine,mainly
maintain,maintained,maintaining,maintains
mainten,maintenance
major,majority
make,made,makes,making
maker,makers
maldiv,maldives
male,males
malpractic,malpractice
manag,manage,managed,management,manager,managers,manages,managing
manchest,manchester
mandat,mandate
mandatori,mandatory
mani,many
manipul,manipulate,manipulated,manipulates,manipulating
manual,manually,manuals
manufactur,manufacture,manufactured,manufacturer,manufacturers,manufactures,manufacturing
map,mapping,maps
mapl,maple
mar,mars
marbl,marble
march,marched,marches,marching
mari,marie,mary
marin,marine
maritim,maritime
mark,marked,marking,marks
marker,markers
market,marketed,marketing,markets
marketplac,marketplace
marri,married,marries,marry,marrying
marriag,marriage
marshal,marshall
massachusett,massachusetts
massag,massage
massiv,massive
master,masters
masturb,masturbating,masturbation
mat,mats
match,matched,matches,matching
mate,mating
materi,material,materials
matern,maternity
mathemat,mathematical,mathematics
matter,mattered,mattering,matters
matur,mature
maxim,maximize
mayb,maybe
meal,meals
mean,meaning,means,meant
meaning,meaningful
meanwhil,meanwhile
measur,measure,measured,measurement,measurements,measures,measuring
mechan,mechanical,mechanics,mechanism,mechanisms
medic,medical,medication,medications
medicar,medicare
medicin,medicine,medicines
mediev,medieval
medit,meditation
medlin,medline
meet,meeting,meetings,meets,met
melbourn,melbourne
melt,melted,melting,melts,molten
member,members
membran,membrane
memori,memorial,memories,memory
memphi,memphis
men,mens
mention,mentioned,mentioning,mentions
merced,mercedes
merchandis,merchandise
merchant,merchants
merci,mercy
mercuri,mercury
mere,merely
merg,merge,merged,merges,merging
merri,merry
messag,message,messages,messaging
messeng,messenger
metabol,metabolism
metal,metallic,metals
meter,meters
method,methods
methodolog,methodology
metr,metres
michell,michelle
microphon,microphone
microwav,microwave
middl,middle
midland,midlands
mighti,mighty
migrat,migration
mile,miles
mileag,mileage
milf,milfs
milfhunt,milfhunter
militari,military
mill,mills
million,millions
milwauke,milwaukee
min,mins
mind,minded,minding,minds
mine,mines,mining
miner,mineral,minerals
miniatur,miniature
minim,minimal,minimize
minist,minister,ministers
ministri,ministries,ministry
minneapoli,minneapolis
minor,minority
minut,minute,minutes
miracl,miracle
mirror,mirrors
miscellan,miscellaneous
miss,missed,misses,missing
missil,missile
mission,missions
mistak,mistake,mistakes
mitchel,mitchell
mix,mixed,mixes,mixing
mixtur,mixture
mobil,mobile,mobiles,mobility
mod,mods
mode,modes
model,modeling,modelling,models
modem,modems
moder,moderate,moderator,moderators
modif,modification,modifications
modifi,modified,modifies,modify,modifying
modul,module,modules
moistur,moisture
molecul,molecules
mom,moms
moment,moments
monetari,monetary
monitor,monitored,monitoring,monitors
monro,monroe
monster,monsters
mont,monte
montgomeri,montgomery
month,monthly,months
moor,moore
moreov,moreover
morn,morning
morri,morris
mortal,mortality
mortgag,mortgage,mortgages
mose,moses
most,mostly
motel,motels
mother,mothers
motiv,motivate,motivated,motivates,motivating,motivation
motor,motors
motorcycl,motorcycle,motorcycles
mount,mounted,mounting,mounts
mountain,mountains
mous,mouse
move,moved,moves,moving
movement,movements
mover,movers
movi,movie,movies
mozambiqu,mozambique
mpeg,mpegs
multipl,multiple
multipli,multiplied,multiplies,multiply,multiplying
municip,municipal,municipality
murder,murdered,murdering,murders
murmur,murmured,murmuring,murmurs
murphi,murphy
muscl,muscle,muscles
museum,museums
music,musical
musician,musicians
muslim,muslims
mutter,muttered,muttering,mutters
myer,myers
myrtl,myrtle
myspac,myspace
mysteri,mysterious,mystery
nail,nails
nake,naked
name,named,namely,names,naming
namespac,namespace
nanci,nancy
napl,naples
narrat,narrative
narrow,narrowed,narrowing,narrows
nashvill,nashville
nasti,nasty
nation,national,nationally,nations
nationwid,nationwide
nativ,native
natur,natural,naturally,naturals,nature
naughti,naughty
navi,navy
navig,navigate,navigation,navigator
near,nearly
nearbi,nearby
necess,necessity
necessari,necessary
necessarili,necessarily
necklac,necklace
need,needed,needing,needn't,needs
needl,needle
negat,negative
neglect,neglected,neglecting,neglects
negoti,negotiate,negotiated,negotiates,negotiating,negotiation,negotiations
neighbor,neighbors
nerv,nerve
nest,nested
netherland,netherlands
netscap,netscape
network,networking,networks
newbi,newbie
newcastl,newcastle
newli,newly
newslett,newsletter,newsletters
newspap,newspaper,newspapers
nichola,nicholas
nicknam,nickname
nicol,nicole
night,nights
nightlif,nightlife
nightmar,nightmare
nippl,nipple,nipples
nobl,noble
nobodi,nobody
nod,nodded,nodding,nods
node,nodes
nois,noise
nomin,nominated,nomination,nominations
normal,normally
note,noted,notes,noting
notebook,notebooks
noth,nothing
notic,notice,noticed,notices,noticing
notif,notification,notifications
notifi,notified,notify
notr,notre
novel,novels
novelti,novelty
novemb,november
nowher,nowhere
nuditi,nudity
number,numbers
numer,numeric,numerical,numerous
nurs,nurse,nurses,nursing
nurseri,nursery
nut,nuts
nutrit,nutrition,nutritional
oak,oaks
oasi,oasis
obes,obesity
obey,obeyed,obeying,obeys
obituari,obituaries
object,objected,objecting,objective,objectives,objects
oblig,obligation,obligations
observ,observation,observations,observe,observed,observer,observes,observing
obtain,obtained,obtaining,obtains
obvious,obviously
occas,occasion,occasions
occasion,occasional,occasionally
occup,occupation,occupational,occupations
occupi,occupied,occupies,occupy,occupying
occur,occurred,occurring,occurs
occurr,occurrence
octob,october
odd,odds
offens,offense,offensive
offer,offered,offering,offerings,offers
offic,office,officer,officers,offices
offici,official,officially,officials
offlin,offline
offshor,offshore
oil,oils
oliv,olive,oliver
olymp,olympic,olympics
omiss,omissions
omit,omits,omitted,omitting
on,ons
onc,once
one,ones
ongo,ongoing
onli,only
onlin,online
oop,oops
open,opened,opening,openings,opens
oper,operate,operated,operates,operating,operation,operational,operations,operator,operators
opinion,opinions
oppon,opponent,opponents
opportun,opportunities,opportunity
oppos,oppose,opposed,opposes,opposing
opposit,opposite,opposition
opt,opted,opting,opts
optic,optical,optics
optim,optimal,optimization,optimize
option,optional,options
oracl,oracle
orang,orange
order,ordered,ordering,orders
ordin,ordinance
ordinari,ordinary
organ,organic,organisms,organization,organizations,organize,organized,organizer,organizes,organizing
organis,organisation,organisations,organise,organised,organises,organising
organiz,organizational
orgi,orgy
orient,oriental,orientation,oriented
origin,original,originally,originate,originated,originates,originating,origins
orlean,orleans
other,others
otherwis,otherwise
our,ours
ourselv,ourselves
outcom,outcome,outcomes
outdoor,outdoors
outlet,outlets
outlin,outline,outlined,outlines,outlining
output,outputs
outsid,outside
outsourc,outsourcing
outstand,outstanding
overal,overall
overcom,overcame,overcome,overcomes,overcoming
overlook,overlooked,overlooking,overlooks
oversea,overseas
owe,owed,owes,owing
own,owned,owning,owns
owner,owners
oxid,oxide
ozon,ozone
pacif,pacific
pack,packed,packing,packs
packag,package,packages,packaging
packet,packets
pad,pads
page,pages
pain,painful
paint,painted,painting,paintings,paints
paintbal,paintball
pair,pairs
palac,palace
palestin,palestine
panason,panasonic
panel,panels
pant,pants
panti,panties
pantyhos,pantyhose
paper,papers
paperback,paperbacks
parad,parade
paradis,paradise
paragraph,paragraphs
paramet,parameter,parameters
parent,parental,parenting,parents
pari,paris
park,parked,parking,parks
parliamentari,parliamentary
part,parted,parting,partly,parts
parti,parties,party
partial,partially
particip,participant,participants,participate,participated,participates,participating,participation
particl,particle,particles
particular,particularly
partit,partition
partner,partners
partnership,partnerships
pass,passed,passes,passing
passag,passage
passeng,passenger,passengers
passiv,passive
password,passwords
past,paste
patch,patches
patent,patents
path,paths
patholog,pathology
patient,patients
pattern,patterns
paus,pause,paused,pauses,pausing
pay,payed,paying,pays
payabl,payable
payment,payments
payrol,payroll
pea,peas
peac,peace,peaceful
pediatr,pediatric
pee,peeing
peer,peered,peering,peers
pen,pens
penalti,penalties,penalty
pend,pending
penetr,penetrate,penetrated,penetrates,penetrating,penetration
peni,penis
penni,penny
pension,pensions
peopl,people,peoples
perceiv,perceive,perceived,perceives,perceiving
percentag,percentage
percept,perception
perfect,perfectly
perform,performance,performances,performed,performer,performing,performs
perfum,perfume
perhap,perhaps
period,periodic,periodically,periods
peripher,peripheral,peripherals
perman,permanent
permiss,permission,permissions
permit,permits,permitted,permitting
perri,perry
persist,persisted,persistent,persisting,persists
person,personal,personality,personalized,personally,personals,persons
perspect,perspective,perspectives
persuad,persuade,persuaded,persuades,persuading
pet,pets
petit,petite,petition
pharmaceut,pharmaceutical,pharmaceuticals
pharmaci,pharmacies,pharmacy
pharmacolog,pharmacology
phase,phases
phentermin,phentermine
philip,philips
philippin,philippines
phillip,phillips
philosophi,philosophy
phone,phoned,phones,phoning
photo,photos
photograph,photographer,photographers,photographic,photographs
photographi,photography
phrase,phrases
physic,physical,physically,physics
physician,physicians
physiolog,physiology
pic,pics
pichunt,pichunter
pick,picked,picking,picks
pictur,picture,pictured,pictures,picturing
piec,piece,pieces
pierc,pierce
pierr,pierre
pill,pills
pin,pinned,pinning,pins
pipe,pipes
pipelin,pipeline
pirat,pirates
piss,pissing
pixel,pixels
place,placed,places,placing
plain,plains
plan,planned,planning,plans
plane,planes
planet,planets
planner,planners
plant,planted,planting,plants
plastic,plastics
plate,plates
platform,platforms
play,played,playing,plays
player,players
playstat,playstation
plead,pleading,pleads,pled
pleas,please,pleased,pleases,pleasing
pleasur,pleasure
pledg,pledge
plenti,plenty
plot,plots
plugin,plugins
plumb,plumbing
plung,plunge,plunged,plunges,plunging
pocket,pockets
podcast,podcasts
poem,poems
poetri,poetry
point,pointed,pointing,points
poli,poly
polic,police
polici,policies,policy
polish,polished
polit,political,politics
politician,politicians
poll,polls
pollut,pollution
polyest,polyester
polym,polymer
polyphon,polyphonic
pool,pools
pop,popped,popping,pops
popul,population,populations
popular,popularity
porsch,porsche
port,ports
portabl,portable
portion,portions
portrait,portraits
portug,portugal
portugues,portuguese
pose,posed,poses,posing
posit,position,positioned,positioning,positions,positive
possess,possessed,possesses,possessing,possession
possibl,possibilities,possibility,possible,possibly
post,posted,posting,postings,posts
postag,postage
postcard,postcards
poster,posters
postpost,postposted
potato,potatoes
potenti,potential,potentially
potteri,pottery
poultri,poultry
pound,pounds
pour,poured,pouring,pours
poverti,poverty
powel,powell
power,powered,powerful,powers
powersel,powerseller
practic,practical,practice,practices
practis,practise,practised,practises,practising
practition,practitioner,practitioners
pragu,prague
prairi,prairie
prais,praise,praised,praises,praising
pray,prayed,praying,prays
prayer,prayers
preced,precede,preceded,precedes,preceding
precipit,precipitation
precis,precise,precisely,precision
predict,predicted,predicting,prediction,predictions,predicts
prefer,preference,preferences,preferred,preferring,prefers
pregnanc,pregnancy
preliminari,preliminary
premier,premiere
premis,premises
prepar,preparation,prepare,prepared,prepares,preparing
prerequisit,prerequisite
prescrib,prescribe,prescribed,prescribes,prescribing
prescript,prescription
presenc,presence
present,presentation,presentations,presented,presenting,presently,presents
preserv,preservation,preserve,preserved,preserves,preserving
presid,president
presidenti,presidential
press,pressed,presses,pressing
pressur,pressure
presum,presume,presumed,presumes,presuming
pretend,pretended,pretending,pretends
pretti,pretty
prevail,prevailed,prevailing,prevails
prevent,prevented,preventing,prevention,prevents
preview,previews
previous,previously
price,priced,prices,pricing
primari,primary
primarili,primarily
princ,prince
princip,principal
principl,principle,principles
print,printed,printing,prints
printabl,printable
printer,printers
prioriti,priorities,priority
prison,prisoner,prisoners
privaci,privacy
privat,private
privileg,privilege,privileges
prize,prizes
probabl,probability,probably
problem,problems
procedur,procedure,procedures
proceed,proceeded,proceeding,proceedings,proceeds
process,processed,processes,processing
processor,processors
proclaim,proclaimed,proclaiming,proclaims
procur,procurement
produc,produce,produced,producer,producers,produces,producing
product,production,productions,productive,productivity,products
profess,profession
profession,professional,professionals
profil,profile,profiles
profit,profits
program,programming,programs
programm,programme,programmer,programmers,programmes
progress,progressed,progresses,progressing,progressive
prohibit,prohibited
project,projected,projecting,projection,projects
projector,projectors
promin,prominent
promis,promise,promised,promises,promising
promot,promote,promoted,promotes,promoting,promotion,promotional,promotions
prompt,prompted,prompting,promptly,prompts
pronounc,pronounce,pronounced,pronounces,pronouncing
proper,properly
properti,properties,property
proport,proportion
propos,proposal,proposals,propose,proposed,proposes,proposing
proposit,proposition
proprietari,proprietary
prospect,prospective,prospects
prostat,prostate
prostor,prostores
protect,protected,protecting,protection,protective,protects
protein,proteins
protest,protested,protesting,protests
protocol,protocols
prototyp,prototype
proud,proudly
prove,proved,proven,proves,proving
provid,provide,provided,providence,provider,providers,provides,providing
provinc,province,provinces
provinci,provincial
provis,provision,provisions
provok,provoke,provoked,provokes,provoking
proxi,proxy
psychiatri,psychiatry
psycholog,psychological,psychology
pti,pty
pub,pubs
public,publication,publications,publicity,publicly
publish,published,publisher,publishers,publishes,publishing
pubm,pubmed
pull,pulled,pulling,pulls
puls,pulse
pump,pumps
punish,punished,punishes,punishing,punishment
pupil,pupils
puppi,puppy
purchas,purchase,purchased,purchases,purchasing
purpl,purple
purpos,purpose,purposes
purs,purse
pursu,pursue,pursued,pursues,pursuing
push,pushed,pushes,pushing
pussi,pussy
put,puts,putting
puzzl,puzzle,puzzles
qti,qty
qualif,qualification,qualifications
qualifi,qualified,qualifies,qualify,qualifying
qualiti,qualities,quality
quantit,quantitative
quantiti,quantities,quantity
quarter,quarterly,quarters
queen,queens
queri,queries,query
question,questioned,questioning,questions
questionnair,questionnaire
quick,quickly
quit,quite
quizz,quizzes
quot,quote,quoted,quotes,quoth,quoting
quotat,quotations
race,raced,races,racing
rack,racks
radiat,radiation
radic,radical
radio,radios
rain,rained,raining,rains
rais,raise,raised,raises,raising
ralli,rally
randi,randy
rang,range,ranged,ranges,ranging
ranger,rangers
rank,ranked,ranking,rankings,ranks
rapid,rapidly,rapids
rare,rarely
rat,rats
rate,rated,rates,rating,ratings
ratio,ratios
ration,rational
ray,rays
reach,reached,reaches,reaching
react,reacted,reacting,reacts
reaction,reactions
read,reading,readings,reads
reader,readers
readi,ready
readili,readily
realis,realise,realised,realises,realising
realist,realistic
realiti,reality
realiz,realize,realized,realizes,realizing
realli,really
realti,realty
realtor,realtors
reason,reasonable,reasonably,reasoning,reasons
reassur,reassure,reassured,reassures,reassuring
rebat,rebate,rebates
rebuild,rebuilding,rebuilds,rebuilt
recal,recall,recalled,recalling,recalls
receiv,receive,received,receiver,receivers,receives,receiving
recent,recently
recept,reception
receptor,receptors
recip,recipe,recipes
recipi,recipient,recipients
reckon,reckoned,reckoning,reckons
recogn,recognize,recognized,recognizes,recognizing
recognis,recognise,recognised,recognises,recognising
recognit,recognition
recommend,recommendation,recommendations,recommended,recommending,recommends
reconstruct,reconstruction
record,recorded,recorder,recorders,recording,recordings,records
recov,recover,recovered,recovering,recovers
recoveri,recovery
recreat,recreation,recreational
recruit,recruited,recruiting,recruitment,recruits
recycl,recycling
reduc,reduce,reduced,reduces,reducing
reduct,reduction,reductions
refer,reference,references,referred,referring,refers
referenc,referenced
referr,referral,referrals
refin,refinance,refine,refined
reflect,reflected,reflecting,reflection,reflections,reflects
reform,reforms
refriger,refrigerator
refuge,refugees
refurbish,refurbished
refus,refuse,refused,refuses,refusing
regain,regained,regaining,regains
regard,regarded,regarding,regards
regga,reggae
regim,regime
region,regional,regions
regist,register,registered,registering,registers
registr,registration
registri,registry
regress,regression
regret,regrets,regretted,regretting
regul,regulate,regulated,regulates,regulating,regulation,regulations
regular,regularly
regulatori,regulatory
rehabilit,rehabilitation
reinforc,reinforce,reinforced,reinforces,reinforcing
reject,rejected,rejecting,rejects
relat,relate,related,relates,relating,relation,relations,relative,relatively,relatives
relationship,relationships
relax,relaxation,relaxed,relaxes,relaxing
releas,release,released,releases,releasing
relev,relevance,relevant
reli,relied,relies,rely,relying
reliabl,reliability,reliable
relianc,reliance
reliev,relieve,relieved,relieves,relieving
religi,religious
religion,religions
reloc,relocation
remain,remained,remaining,remains
remaind,remainder
remark,remarkable,remarked,remarking,remarks
remedi,remedies,remedy
rememb,remember,remembered,remembering,remembers
remind,reminded,reminder,reminding,reminds
remot,remote
remov,removable,removal,remove,removed,removes,removing
renaiss,renaissance
render,rendered,rendering,renders
renew,renewable,renewal,renewed,renewing,renews
rent,rented,renting,rents
rental,rentals
repair,repaired,repairing,repairs
repeat,repeated,repeating,repeats
replac,replace,replaced,replacement,replaces,replacing
repli,replied,replies,reply,replying
replic,replication
report,reported,reporter,reporters,reporting,reports
repositori,repository
repres,represent,representative,representatives,represented,representing,represents
represent,representation,representations
reprint,reprints
reproduc,reproduce,reproduced,reproduces,reproducing
reproduct,reproduction,reproductive
republ,republic
republican,republicans
reput,reputation
request,requested,requesting,requests
requir,require,required,requirement,requirements,requires,requiring
rescu,rescue,rescued,rescues,rescuing
research,researched,researcher,researchers,researches,researching
resel,reseller
resembl,resemble,resembled,resembles,resembling
reserv,reservation,reservations,reserve,reserved,reserves,reserving
resid,residence,resident,residents
residenti,residential
resign,resigned,resigning,resigns
resist,resistance,resistant,resisted,resisting,resists
resolut,resolution,resolutions
resolv,resolve,resolved,resolves,resolving
resort,resorts
resourc,resource,resources
respect,respected,respecting,respective,respectively,respects
respiratori,respiratory
respond,responded,respondent,respondents,responding,responds
respons,response,responses,responsibilities,responsibility,responsible
rest,rested,resting,rests
restaur,restaurant,restaurants
restor,restoration,restore,restored,restores,restoring
restrict,restricted,restricting,restriction,restrictions,restricts
restructur,restructuring
result,resulted,resulting,results
resum,resume,resumed,resumes,resuming
retail,retailer,retailers
retain,retained,retaining,retains
retent,retention
retir,retire,retired,retirement,retires,retiring
retriev,retrieval,retrieve,retrieved
return,returned,returning,returns
reuter,reuters
reveal,revealed,revealing,reveals
revel,revelation
reveng,revenge
revenu,revenue,revenues
revers,reverse,reversed,reverses,reversing
review,reviewed,reviewer,reviewing,reviews
revis,revise,revised,revises,revising,revision,revisions
reviv,revive,revived,revives,reviving
revolut,revolution
revolutionari,revolutionary
reward,rewarded,rewarding,rewards
reynold,reynolds
richard,richards
ricki,ricky
rid,ridded,ridding,rids
ride,ridden,rides,riding,rode
rider,riders
ridg,ridge
right,rights
ring,ringing,rings,rung
rington,ringtone,ringtones
rip,ripped,ripping,rips
rise,risen,rises,rising,rose
risk,risked,risking,risks
river,rivers
riversid,riverside
road,roads
robbi,robbie
robert,roberts
robot,robots
rochest,rochester
rock,rocks
rocki,rocky
roger,rogers
role,roles
roll,rolled,rolling,rolls
romanc,romance
romant,romantic
room,rooms
roommat,roommate,roommates
root,roots
rose,roses
rotari,rotary
rotat,rotation
roug,rouge
rough,roughly
roulett,roulette
round,rounded,rounding,rounds
rout,route,routes,routing
router,routers
routin,routine,routines
row,rows
royalti,royalty
rub,rubbed,rubbing,rubs
rubi,ruby
rug,rugs
rugbi,rugby
rule,ruled,rules,ruling
run,ran,running,runs
runtim,runtime
rush,rushed,rushes,rushing
russel,russell
sack,sacked,sacking,sacks
sacr,sacred
sacrific,sacrifice
safe,safely
safeti,safety
sail,sailed,sailing,sails
saint,saints
salari,salaries,salary
sale,sales
salli,sally
salvat,salvation
sampl,sample,samples,sampling
san,sans
sandi,sandy
sapphir,sapphire
satellit,satellite
satisfact,satisfaction
satisfactori,satisfactory
satisfi,satisfied,satisfies,satisfy,satisfying
sauc,sauce
savag,savage
save,saved,saves,saving,savings
say,said,saying,says
scale,scales
scan,scanned,scanning,scans
scanner,scanners
scare,scared
scari,scary
scatter,scattered,scattering,scatters
scenario,scenarios
scene,scenes
schedul,schedule,scheduled,schedules,scheduling
scheme,schemes
scholar,scholars
scholarship,scholarships
school,schools
scienc,science,sciences
scientif,scientific
scientist,scientists
score,scored,scores,scoring
scratch,scratched,scratches,scratching
scream,screamed,screaming,screams
screen,screening,screens
screensav,screensaver,screensavers
screenshot,screenshots
script,scripting,scripts
sculptur,sculpture
sea,seas
seal,sealed,sealing,seals
search,searched,searches,searching
season,seasonal,seasons
seat,seating,seats
seattl,seattle
second,seconds
secondari,secondary
secret,secrets
secretari,secretary
section,sections
sector,sectors
secur,secure,secured,securely,secures,securing,securities,security
see,saw,seeing,seen,sees
seed,seeds
seek,seeking,seeks,sought
seeker,seekers
seem,seemed,seeming,seems
segment,segments
seiz,seize,seized,seizes,seizing
select,selected,selecting,selection,selections,selective,selects
sell,selling,sells,sold
seller,sellers
semest,semester
seminar,seminars
senat,senate,senator,senators
send,sending,sends,sent
seneg,senegal
senior,seniors
sens,sense,sensed,senses,sensing
sensit,sensitive,sensitivity
sensor,sensors
sentenc,sentence,sentenced,sentences,sentencing
separ,separate,separated,separately,separates,separating,separation
septemb,september
sequenc,sequence,sequences
seri,series
serious,seriously
serv,serve,served,serves,serving
server,servers
servic,service,services
session,sessions
set,sets,setting,settings
settl,settle,settled,settles,settling
sever,several,severe
sew,sewing
sexi,sexy
sexual,sexuality,sexually
shade,shades
shadow,shadows
shake,shaken,shakes,shaking,shook
shakespear,shakespeare
shape,shaped,shapes,shaping
share,shared,shares,sharing
sharehold,shareholders
sharewar,shareware
shave,shaved
shed,shedding,sheds
sheet,sheets
shemal,shemale,shemales
shift,shifted,shifting,shifts
shine,shines,shining,shone
ship,shipped,shipping,ships
shipment,shipments
shirt,shirts
shiver,shivered,shivering,shivers
shoe,shoes
shoot,shooting,shoots,shot
shop,shopped,shopping,shops
shopper,shoppers
short,shortly,shorts
shortcut,shortcuts
shot,shots
shout,shouted,shouting,shouts
show,showed,showing,shown,shows
showcas,showcase
shower,showers
showtim,showtimes
shrug,shrugged,shrugging,shrugs
shut,shuts,shutting
shuttl,shuttle
side,sides
siemen,siemens
sigh,sighed,sighing,sighs
sign,signed,signing,signs
signal,signalled,signalling,signals
signatur,signature,signatures
signific,significance,significant,significantly
silenc,silence
silli,silly
sim,sims
similar,similarly
simpl,simple
simpli,simply
simplifi,simplified
simpson,simpsons
simul,simulation,simulations
simultan,simultaneously
sinc,since
sing,singing,sings,sung
singapor,singapore
singl,single,singles
sink,sinking,sinks,sunk,sunken
sister,sisters
sit,sat,sits,sitting
site,sites
situat,situate,situated,situates,situating,situation,situations
size,sized,sizes
skate,skating
ski,skiing
skill,skilled,skills
skin,skins
skirt,skirts
slam,slammed,slamming,slams
sleep,sleeping,sleeps,slept
sleev,sleeve
slide,slid,slidden,slides,sliding
slight,slightly
slip,slipped,slipping,slips
slot,slots
slow,slowed,slowing,slows
slowli,slowly
slut,sluts
smash,smashed,smashes,smashing
smell,smelled,smelling,smells,smelt
smile,smiled,smiles,smiling
smili,smilies
smoke,smoked,smokes,smoking
snap,snapped,snapping,snaps
societi,societies,society
sociolog,sociology
sock,socks
softbal,softball
softwar,software
solari,solaris
soldier,soldiers
sole,solely
solut,solution,solutions
solv,solve,solved,solves,solving
somebodi,somebody
someon,someone
someth,something
sometim,sometimes
somewher,somewhere
son,sons
song,songs
soni,sony
sophist,sophisticated
sorri,sorry
sort,sorted,sorting,sorts
soul,souls
sound,sounded,sounding,sounds
sourc,source,sources
space,spaces
spank,spanking
spare,spared,spares,sparing
speak,speaking,speaks,spoke,spoken
speaker,speakers
spear,spears
spec,specs
speci,species
special,specialized,specializing,specially,specials
specialist,specialists
specialti,specialties,specialty
specif,specific,specifically,specification,specifications,specifics
specifi,specified,specifies,specify,specifying
speech,speeches
speed,speeded,speeding,speeds
spell,spelling,spells,spelt
spend,spending,spends,spent
spi,spies,spy
spill,spilling,spills,spilt
spin,spinning,spins,spun
spirit,spirits
spiritu,spiritual,spirituality
split,splits,splitting
spoil,spoiling,spoils,spoilt
sponsor,sponsored,sponsoring,sponsors
sport,sporting,sports
spot,spotcheck,spots,spotted,spotting
spous,spouse
spread,spreading,spreads
spring,springing,springs,sprung
spywar,spyware
squar,square
squeez,squeeze,squeezed,squeezes,squeezing
squirt,squirting
stabil,stability
stabl,stable
staf,staffing
stage,staged,stages,staging
stakehold,stakeholders
stamp,stamps
stand,standing,standings,stands,stood
standard,standards
star,starring,stars
stare,stared,stares,staring
starsmerch,starsmerchant
start,started,starting,starts
stat,stats
state,stated,states,stating
statement,statements
statewid,statewide
station,stations
stationeri,stationery
statist,statistical,statistics
statut,statute,statutes
statutori,statutory
stay,stayed,staying,stays
steadi,steady
steal,stealing,steals,stole,stolen
steer,steering
stem,stemmed,stemming,stems
step,stepped,stepping,steps
stephani,stephanie
sterl,sterling
steven,stevens
stick,sticking,sticks,stuck
sticker,stickers
sticki,sticky
stimul,stimulate,stimulated,stimulates,stimulating
stir,stirred,stirring,stirs
stock,stockings,stocks
stone,stones
stop,stopped,stopping,stops
storag,storage
store,stored,stores,storing
stori,stories,story
strain,strained,straining,strains
strang,strange
strateg,strategic
strategi,strategies,strategy
stream,streaming,streams
street,streets
strength,strengths
strengthen,strengthened,strengthening,strengthens
stress,stressed,stresses,stressing
stretch,stretched,stretches,stretching
strict,strictly
strike,strikes,striking,struck
string,strings
strip,stripped,stripping,strips
stripe,stripes
stroke,stroked,strokes,stroking
strong,strongly
structur,structural,structure,structured,structures
struggl,struggle,struggled,struggles,struggling
student,students
studi,studied,studies,study,studying
studio,studios
stuf,stuffed
stun,stunning
style,styles
subcommitte,subcommittee
subdivis,subdivision
subject,subjected,subjecting,subjective,subjects
sublim,sublime
sublimedirectori,sublimedirectory
submiss,submission,submissions
submit,submits,submitted,submitting
subscrib,subscribe,subscriber,subscribers
subscript,subscription,subscriptions
subsect,subsection
subsequ,subsequent,subsequently
subsidiari,subsidiaries,subsidiary
substanc,substance,substances
substanti,substantial,substantially
substitut,substitute,substituted,substitutes,substituting
subtl,subtle
succeed,succeeded,succeeding,succeeds
success,successful,successfully
suck,sucked,sucking,sucks
sudden,suddenly
sue,sued,sues,suing
suffer,suffered,suffering,suffers
suffici,sufficient,sufficiently
suggest,suggested,suggesting,suggestion,suggestions,suggests
suicid,suicide
suit,suite,suited,suites,suiting,suits
suitabl,suitable
sum,summed,summing,sums
summari,summaries,summary
summon,summonned,summonning,summons
sunglass,sunglasses
sunni,sunny
sunris,sunrise
sunshin,sunshine
superintend,superintendent
supervis,supervise,supervised,supervises,supervising,supervision
supervisor,supervisors
supplement,supplemental,supplemented,supplementing,supplements
suppli,supplied,supplies,supply,supplying
supplier,suppliers
support,supported,supporters,supporting,supports
suppos,suppose,supposed,supposes,supposing
suppress,suppressed,suppresses,suppressing
suprem,supreme
sure,surely
surf,surfing
surfac,surface,surfaces
surg,surge
surgeon,surgeons
surgeri,surgery
surgic,surgical
surnam,surname
surpris,surprise,surprised,surprises,surprising
surround,surrounded,surrounding,surrounds
surveil,surveillance
survey,surveys
surviv,survival,survive,survived,survives,surviving
survivor,survivors
suspect,suspected,suspecting,suspects
suspend,suspended,suspending,suspends
suspens,suspension
sustain,sustainability,sustainable,sustained,sustaining,sustains
swallow,swallowed,swallowing,swallows
swear,swearing,swears,swore,sworn
sweep,sweeping,sweeps,swept
swim,swam,swimming,swims,swum
swing,swinging,swings,swung
swinger,swingers
switch,switched,switches,switching
symbol,symbols
sympathi,sympathy
symphoni,symphony
symptom,symptoms
syndic,syndicate,syndication
syndrom,syndrome
synopsi,synopsis
synthesi,synthesis
synthet,synthetic
syracus,syracuse
system,systems
systemat,systematic
tab,tabs
tabl,table,tables
tablet,tablets
tackl,tackle,tackled,tackles,tackling
tactic,tactics
tag,tagged,tags
taho,tahoe
take,taken,takes,taking,took
tale,tales
talent,talented
talk,talked,talking,talks
tank,tanks
tap,tapped,tapping,taps
tape,tapes
target,targeted,targeting,targets
task,tasks
tast,taste,tasted,tastes,tasting
tax,taxed,taxes,taxing
taxat,taxation
teach,taught,teaches,teaching
teacher,teachers
team,teams
tear,tearing,tears,tore,torn
technic,technical
techniqu,technique,techniques
technolog,technological,technologies,technology
techrepubl,techrepublic
teddi,teddy
teen,teens
teenag,teenage
telecharg,telecharger
telecommun,telecommunications
telephon,telephone,telephoned,telephones,telephoning
telephoni,telephony
telescop,telescope
televis,television,televisions
tell,telling,tells,told
temperatur,temperature,temperatures
templ,temple
templat,template,templates
tempor,temporal
temporari,temporary
temporarili,temporarily
tempt,tempted,tempting,tempts
tend,tended,tending,tends
tennesse,tennessee
tenni,tennis
term,termed,terming,terms
termin,terminal,terminals,termination
terminolog,terminology
terrac,terrace
terri,terry
terribl,terrible
territori,territories,territory
terror,terrorism
terrorist,terrorists
test,tested,testing,tests
testimoni,testimonials,testimony
texa,texas
text,texts
textbook,textbooks
textil,textile,textiles
textur,texture
thank,thanked,thanking,thanks
thanksgiv,thanksgiving
that,thats
theater,theaters
theatr,theatre
theme,themes
themselv,themselves
theolog,theology
theoret,theoretical
theori,theories,theory
therapeut,therapeutic
therapi,therapy
thereaft,thereafter
therebi,thereby
therefor,therefore
thesi,thesis
thi,thy
thick,thickness
thing,things
think,thinking,thinks,thought
thirti,thirty
thoma,thomas
thong,thongs
thorough,thoroughly
thought,thoughts
thousand,thousands
thread,threaded,threads
threat,threats
threaten,threatened,threatening,threatens
threesom,threesome
throw,threw,throwing,thrown,throws
thrust,thrusting,thrusts
thumb,thumbs
thumbnail,thumbnails
ticket,tickets
tie,tied,ties,tying
tiffani,tiffany
tiger,tigers
tighten,tightened,tightening,tightens
tile,tiles
time,timed,timely,times,timing
timelin,timeline
timothi,timothy
tini,tiny
tion,tions
tip,tipped,tipping,tips
tire,tired,tires
tissu,tissue
tit,tits
titan,titans
titl,title,titled,titles
togeth,together
toler,tolerance
tomato,tomatoes
tommi,tommy
ton,tons
tone,tones
tongu,tongue
toni,tony
tool,tools
top,topped,topping,tops
topic,topics
tortur,torture
toss,tossed,tosses,tossing
total,totally,totals
touch,touched,touches,touching
tour,toured,touring,tours
tournament,tournaments
toward,towards
tower,towers
town,towns
toy,toys
trace,traced,traces,tracing
traci,tracy
track,tracked,tracking,tracks
trackback,trackbacks
trade,traded,trades,trading
trademark,trademarks
tradit,tradition,traditional,traditions
tragedi,tragedy
trail,trails
trailer,trailers
train,trained,training,trains
trainer,trainers
tran,trans
tranc,trance
tranni,tranny
transact,transaction,transactions
transcript,transcription,transcripts
transexu,transexual
transexual,transexuales
transfer,transferred,transferring,transfers
transform,transformation,transformed,transforming,transforms
transit,transition
translat,translate,translated,translates,translating,translation,translations,translator
transmiss,transmission
transmit,transmits,transmitted,transmitting
transpar,transparency,transparent
transport,transportation,transported,transporting,transports
transsexu,transsexual
trap,trapped,trapping,traps
travel,traveler,travelers,traveling,travelled,traveller,travelling,travels
travi,travis
treasur,treasure,treasurer,treasures
treasuri,treasury
treat,treated,treating,treats
treati,treaty
treatment,treatments
tree,trees
trembl,tremble,trembled,trembles,trembling
tremend,tremendous
trend,trends
tri,tried,tries,try,trying
trial,trials
triangl,triangle
tribe,tribes
tribun,tribunal,tribune
tribut,tribute
trick,tricks
triniti,trinity
trip,trips
tripl,triple
troop,troops
tropic,tropical
troubl,trouble
troubleshoot,troubleshooting
truck,trucks
truli,truly
trust,trusted,trusting,trusts
truste,trustee,trustees
tube,tubes
tuck,tucked,tucking,tucks
tune,tunes,tuning
turn,turned,turning,turns
turtl,turtle
tutori,tutorial,tutorials
twelv,twelve
twenti,twenty
twin,twins
twink,twinks
twist,twisted,twisting,twists
type,types,typing
typic,typical,typically
ugli,ugly
ukrain,ukraine
ultim,ultimate,ultimately
unabl,unable
unauthor,unauthorized
unavail,unavailable
uncertainti,uncertainty
uncl,uncle
undefin,undefined
under,underlying
undergo,undergoes,undergoing,undergone,underwent
undergradu,undergraduate
underlin,underline,underlined,underlines,underlining
undermin,undermine,undermined,undermines,undermining
understand,understanding,understands,understood
undertak,undertake,undertaken,undertakes,undertaking,undertook
unemploy,unemployment
unexpect,unexpected
unfortun,unfortunately
unifi,unified
union,unions
uniqu,unique
unit,unite,united,unites,uniting,units
uniti,unity
univers,universal,universe,universities,university
unlik,unlike,unlikely
unlimit,unlimited
unnecessari,unnecessary
unsign,unsigned
unsubscrib,unsubscribe
untitl,untitled
unusu,unusual
up,ups
upcom,upcoming
updat,update,updated,updates,updating
upgrad,upgrade,upgrades,upgrading
upload,uploaded
upset,upsets,upsetting
upskirt,upskirts
urg,urge,urged,urges,urging
url,urls
usag,usage
use,used,useful,uses,using
user,users
usernam,username
usg,usgs
usp,usps
usual,usually
util,utilities,utility,utilization,utilize,utils
vacanc,vacancies
vacat,vacation,vacations
vaccin,vaccine
valentin,valentine
valid,validation,validity
valu,value,valued,values,valuing
valuabl,valuable
valuat,valuation
valv,valve,valves
vampir,vampire
vancouv,vancouver
vanish,vanished,vanishes,vanishing
vari,varied,varies,vary,varying
variabl,variable,variables
varianc,variance
variat,variation,variations
varieti,varieties,variety
vega,vegas
veget,vegetable,vegetables,vegetation
vehicl,vehicle,vehicles
veloc,velocity
vendor,vendors
venic,venice
ventur,venture,ventures
venu,venue,venues
verd,verde
veri,very
verif,verification
verifi,verified,verify
vers,verse
version,versions
vertic,vertical
verzeichni,verzeichnis
vessel,vessels
veteran,veterans
veterinari,veterinary
vibrat,vibrator,vibrators
victim,victims
victori,victory
vid,vids
video,videos
vietnames,vietnamese
view,viewed,viewing,views
viewer,viewers
viewpictur,viewpicture
vike,viking
villa,villas
villag,village,villages
vintag,vintage
violat,violation,violations
violenc,violence
virtu,virtue
virtual,virtually
virus,viruses
visibl,visibility,visible
visit,visited,visiting,visits
visitor,visitors
vitamin,vitamins
vocabulari,vocabulary
vocal,vocals
vocat,vocational
voic,voice,voiced,voices,voicing
volleybal,volleyball
voltag,voltage
volum,volume,volumes
volunt,volunteer,volunteers
voluntari,voluntary
vote,voted,votes,voting
voter,voters
vulner,vulnerability,vulnerable
wage,wages
wait,waited,waiting,waits
wake,wakes,waking,woke,woken
wale,wales
walk,walked,walking,walks
wall,walls
wallac,wallace
wallpap,wallpaper,wallpapers
wander,wandered,wandering,wanders
want,wanted,wanting,wants
war,wars
warehous,warehouse
warm,warmed,warming,warms
warn,warned,warning,warnings,warns
warranti,warranties,warranty
warrior,warriors
wash,washed,washes,washing
wast,waste,wasted,wastes,wasting
watch,watched,watches,watching
water,waters
watersh,watershed
watt,watts
wave,waved,waves,waving
way,ways
wayn,wayne
weaken,weakened,weakening,weakens
weapon,weapons
wear,wearing,wears,wore,worn
webcam,webcams
weblog,weblogs
webmast,webmaster,webmasters
webpag,webpage
webshot,webshots
websit,website,websites
wed,wedding,weddings
week,weekly,weeks
weekend,weekends
weigh,weighed,weighing,weighs
weight,weighted,weights
welcom,welcome,welcomed,welcomes,welcoming
weld,welding
welfar,welfare
well,wellness,wells
wendi,wendy
westminst,westminster
what,whats
whatev,whatever
wheel,wheels
whenev,whenever
wherea,whereas
wherev,wherever
whi,why
whisper,whispered,whispering,whispers
wholesal,wholesale
wick,wicked
wide,widely
widen,widened,widening,widens
wilder,wilderness
wildlif,wildlife
will,willing
william,williams
win,winning,wins,won
wind,winding,winds,wound
window,windows
wine,wines
wing,wings
winner,winners
wipe,wiped,wipes,wiping
wire,wired,wires,wiring
wish,wished,wishes,wishing
wit,witness,witnessed,witnesses,witnessing
withdraw,withdrawal,withdrawing,withdrawn,withdraws,withdrew
wive,wives
women,womens
wonder,wondered,wonderful,wondering,wonders
wood,woods
worcest,worcester
word,words
work,worked,working,works
worker,workers
workforc,workforce
workplac,workplace
workshop,workshops
workstat,workstation
world,worlds
worldwid,worldwide
worri,worried,worries,worry,worrying
wors,worse
worthi,worthy
wrap,wrapped,wrapping,wraps
wrestl,wrestling
write,writes,writing,writings,written,wrote
writer,writers
wyom,wyoming
yard,yards
year,yearly,years
yield,yielded,yielding,yields
yorkshir,yorkshire
your,yours
zimbabw,zimbabwe
zone,zones,zoning
zshop,zshops
