nurseri,nursery
explicit,explicitly
convers,conversations,conversion,conversation
elvi,elvis
protest,protested,protests,protesting
sleep,sleeps,slept,sleeping
unemploy,unemployment
hate,hated,hates,hating
forget,forgot,forgetting,forgotten,forgets
accus,accusing,accuses,accused,accuse
educ,educating,educate,educational,education,educated,educates,educators
stationeri,stationery
sorri,sorry
albuquerqu,albuquerque
concret,concrete
buddi,buddy
under,underlying
buyer,buyers
spec,specs
merchant,merchants
file,filing,files,filed
everi,every
risk,risking,risks,risked
ugli,ugly
glucos,glucose
rise,risen,rises,rose,rising
voic,voicing,voices,voiced,voice
tenni,tennis
arous,arouses,aroused,arouse,arousing
govern,government,governed,governs,governing,governments,governance
appar,apparent,apparently
emili,emily
quantit,quantitative
disturb,disturbed,disturbs,disturbing
prize,prizes
showcas,showcase
sleev,sleeve
factori,factory
housewar,housewares
correl,correlation
enquir,enquiring,enquires,enquired,enquire
verif,verification
ricki,ricky
enjoy,enjoys,enjoyed,enjoying
paperback,paperbacks
deutsch,deutsche
inventori,inventory
direct,directive,directs,directing,directly,directed,direction,directions
budget,budgets
nail,nails
consequ,consequences,consequently,consequence
hors,horse,horses
street,streets
aggreg,aggregate
semest,semester
even,evening
supervis,supervise,supervises,supervised,supervising,supervision
dialogu,dialogue
mpeg,mpegs
hide,hidden,hides,hiding,hid
asid,aside
lightn,lightning
near,nearly
obituari,obituaries
polyest,polyester
conduct,conducts,conducting,conducted
supplier,suppliers
techniqu,techniques,technique
liberti,liberty
specialist,specialists
elimin,elimination,eliminates,eliminated,eliminating,eliminate
intellectu,intellectual
hero,heroes
abov,above
herb,herbs
men,mens
lodg,lodging,lodge
voter,voters
multipli,multiplying,multiply,multiplied,multiplies
path,paths
pleasur,pleasure
enrol,enrollment,enrolled
interpret,interpreting,interpretation,interprets,interpreted
incom,incoming,income
daughter,daughters
cindi,cindy
eugen,eugene
auction,auctions
militari,military
anymor,anymore
loos,loose
dri,drying,dry,dries,dried
jame,james
harass,harassment
cradl,cradle
smoke,smoking,smokes,smoked
permit,permits,permitted,permitting
studi,studied,studies,studying,study
jami,jamie
controversi,controversy,controversial
counti,counties,county
imposs,impossible
volunt,volunteers,volunteer
campaign,campaigning,campaigns,campaigned
ground,grounds
tempt,tempting,tempted,tempts
tremend,tremendous
mitchel,mitchell
avenu,avenue
invas,invasion
attitud,attitude,attitudes
colleg,colleges,college
sterl,sterling
enclosur,enclosure
total,totally,totals
unit,united,unites,uniting,unite,units
plot,plots
symphoni,symphony
describ,describe,described,describes,describing
prescript,prescription
afterward,afterwards
suit,suites,suited,suits,suite,suiting
bike,bikes
music,musical
calm,calms,calming,calmed
recommend,recommended,recommends,recommendations,recommending,recommendation
strike,striking,struck,strikes
preview,previews
type,types,typing
tell,told,telling,tells
worthi,worthy
alphabet,alphabetical
mysteri,mysterious,mystery
relax,relaxed,relaxes,relaxing,relaxation
relat,relating,relatives,relative,relation,relations,relatively,relate,related,relates
disk,disks
award,awards,awarding,awarded
hurt,hurts,hurting
warn,warns,warning,warned,warnings
glass,glasses
holm,holmes
warm,warms,warmed,warming
adult,adults
holi,holy
loss,losses
yard,yards
hole,holes
herebi,hereby
shoot,shoots,shot,shooting
accid,accident,accidents
join,joined,joins,joining
room,rooms
restor,restoring,restores,restored,restoration,restore
pant,pants
work,worked,working,works
pierc,pierce
conceptu,conceptual
wors,worse
root,roots
advocaci,advocacy
pierr,pierre
ciali,cialis
climat,climate
give,giving,gave,given,gives
household,households
centuri,centuries,century
digit,digital
indic,indicate,indicator,indices,indicated,indicates,indicating,indication,indicators
coalit,coalition
liter,literally
unavail,unavailable
want,wanting,wants,wanted
basebal,baseball
attract,attracts,attraction,attracting,attractions,attracted,attractive
bag,bags
vanish,vanishing,vanishes,vanished
end,ends,ended,ending
thing,things
polic,police
cylind,cylinder
travel,travelling,traveller,travelled,travels,traveler,traveling,travelers
acut,acute
classifi,classifieds,classify,classifying,classified,classifies
ceremoni,ceremony
recoveri,recovery
interview,interviewed,interviewing,interviews
verifi,verified,verify
negoti,negotiations,negotiation,negotiated,negotiates,negotiating,negotiate
perspect,perspective,perspectives
collaps,collapse,collapsing,collapses,collapsed
rebat,rebates,rebate
lao,laos
recogn,recognizing,recognize,recognized,recognizes
chines,chinese
greenhous,greenhouse
substanc,substance,substances
lab,labs
befor,before
teenag,teenage
lay,lays,laying,layed
beauti,beauty,beautiful,beautifully
endang,endangered
law,laws
lesbian,lesbians
demonstr,demonstrating,demonstration,demonstrates,demonstrated,demonstrate
belli,belly
util,utils,utilize,utility,utilities,utilization
principl,principles,principle
domin,dominated,dominates,dominating,dominant,dominate
minim,minimal,minimize
spous,spouse
greet,greetings,greeting,greeted,greets
think,thinks,thinking,thought
receiv,receive,received,receives,receiver,receiving,receivers
maintain,maintaining,maintained,maintains
green,greene
incorpor,incorporates,incorporated,incorporating,incorporate
enter,enters,entering,entered
exclus,exclusion,exclusive,exclusively
fan,fans
order,ordering,ordered,orders
wind,winding,wound,winds
wine,wines
origin,originally,origins,original,originate,originating,originated,originates
composit,composition,composite
despit,despite
softwar,software
fundrais,fundraising
failur,failure,failures
orang,orange
becaus,because
addit,addition,additions,additional,additionally
myrtl,myrtle
privileg,privilege,privileges
incid,incidence,incidents,incident
affect,affected,affecting,affects
flexibl,flexible,flexibility
vari,vary,varied,varying,varies
tennesse,tennessee
gentl,gently,gentle
fit,fits,fitted,fitting,fitness
albani,albany
fix,fixing,fixed,fixes
thrust,thrusts,thrusting
offic,office,officers,offices,officer
except,exceptions,exception,exceptional
fade,fades,faded,fading
persist,persisted,persists,persisting,persistent
comprehens,comprehensive
descend,descends,descending,descended
anim,animals,animal,anime,animated,animation
therapi,therapy
firewir,firewire
promin,prominent
safe,safely
school,schools
break,broke,broken,breaks,breaking
band,bands
bang,bangs,banged,banging
promis,promises,promised,promising,promise
surgic,surgical
interrupt,interrupting,interrupts,interrupted
one,ones
rental,rentals
bank,banks
scholar,scholars
choic,choice,choices
terrac,terrace
victori,victory
chart,charts
undermin,undermining,undermine,undermined,undermines
accommod,accommodations,accommodating,accommodate,accommodation,accommodates,accommodated
luca,lucas
oblig,obligation,obligations
side,sides
bone,bones
mean,meaning,meant,means
healthcar,healthcare
mediev,medieval
colleagu,colleagues,colleague
enorm,enormous
genom,genome
upload,uploaded
vote,votes,voted,voting
logo,logos
extract,extraction,extracting,extracted,extracts
hostel,hostels
depress,depression
network,networks,networking
god,gods
newli,newly
content,contents
palac,palace
hydrocodon,hydrocodone
reader,readers
monro,monroe
forti,forty
foto,fotos
navig,navigator,navigate,navigation
audienc,audience
nightmar,nightmare
situat,situation,situate,situating,situates,situated,situations
omiss,omissions
standard,standards
jennif,jennifer
rain,raining,rained,rains
pretend,pretending,pretended,pretends
knit,knitting,knitted,knits
christma,christmas
welfar,welfare
sunshin,sunshine
puzzl,puzzles,puzzle
angl,angle
viewpictur,viewpicture
filter,filters,filtering
loui,louis
renew,renewable,renewed,renewing,renewal,renews
unabl,unable
isl,isle
regress,regression
subtl,subtle
confus,confusing,confused,confuses,confuse,confusion
hire,hires,hired,hiring
stripe,stripes
edward,edwards
malpractic,malpractice
shopper,shoppers
enterpris,enterprise,enterprises
grade,grades
clariti,clarity
wast,waste,wastes,wasted,wasting
rank,rankings,ranked,ranking,ranks
necess,necessity
restrict,restriction,restrictions,restricts,restricted,restricting
wash,washing,washed,washes
instruct,instructs,instructed,instructional,instructing,instructions,instruction
naughti,naughty
comic,comics
massiv,massive
fantast,fantastic
primari,primary
cumshot,cumshots
adwar,adware
toy,toys
nomin,nominated,nomination,nominations
top,tops,topped,topping
speci,species
sometim,sometimes
mercuri,mercury
timothi,timothy
underlin,underline,underlines,underlined,underlining
ton,tons
cassett,cassette
euro,euros
hundr,hundred,hundreds
listen,listens,listened,listening
murder,murdering,murders,murdered
consol,consoles,console
circl,circles,circle
complimentari,complimentary
namespac,namespace
tool,tools
legislatur,legislature
maxim,maximize
incur,incurs,incurring,incurred
conserv,conservation,conservative
crawl,crawls,crawled,crawling
technic,technical
symptom,symptoms
machineri,machinery
silli,silly
target,targeting,targets,targeted
keyword,keywords
provid,provided,provide,providence,providers,providing,provides,provider
hike,hiking
tree,trees
rate,rated,ratings,rating,rates
project,projection,projects,projected,projecting
matter,mattered,matters,mattering
upset,upsetting,upsets
minut,minute,minutes
beginn,beginners,beginner
provis,provision,provisions
supplement,supplementing,supplemental,supplemented,supplements
entail,entailing,entails,entailed
reassur,reassures,reassuring,reassure,reassured
beastial,beastiality
rat,rats
seed,seeds
miniatur,miniature
infring,infringement
seem,seemed,seems,seeming
seek,sought,seeking,seeks
seminar,seminars
dozen,dozens
strength,strengths
recreat,recreational,recreation
widen,widening,widened,widens
that,thats
thorough,thoroughly
contact,contacts,contacted,contacting
travi,travis
transmit,transmitting,transmitted,transmits
rider,riders
anatomi,anatomy
simplifi,simplified
forestri,forestry
germani,germany
withdraw,withdrawal,withdrawing,withdrew,withdraws,withdrawn
lion,lions
usernam,username
object,objectives,objective,objected,objects,objecting
what,whats
marin,marine
volleybal,volleyball
regular,regularly
addict,addiction
letter,letters
programm,programmers,programmer,programmes,programme
phase,phases
insul,insulation
coin,coins
everyth,everything
tradit,traditions,tradition,traditional
webcam,webcams
excus,excusing,excuse,excused,excuses
microphon,microphone
doc,docs
camp,camps,camping
metal,metallic,metals
dog,dogs
hospit,hospitals,hospital,hospitality
declar,declaring,declared,declares,declaration,declare
medicar,medicare
carolin,caroline
logist,logistics
freewar,freeware
scream,screaming,screamed,screams
treati,treaty
visitor,visitors
queen,queens
advisori,advisory
radio,radios
academi,academy
radic,radical
protocol,protocols
environ,environment,environments
involv,involved,involves,involving,involvement,involve
absolut,absolute,absolutely
milfhunt,milfhunter
acquir,acquire,acquiring,acquired,acquires
pledg,pledge
explain,explained,explaining,explains
configur,configuration,configured,configurations,configure,configuring
apach,apache
restaur,restaurants,restaurant
gregori,gregory
theme,themes
busi,busy,business,businesses
stephani,stephanie
tropic,tropical
folder,folders
florenc,florence
buse,buses
do,doing,does,didn't,did,done,don't,doesn't
anni,annie
nasti,nasty
likewis,likewise
watch,watches,watched,watching
compli,complying,complies,complied,comply
ceil,ceiling
pocket,pockets
prostor,prostores
spirit,spirits
report,reporter,reported,reports,reporting,reporters
reconstruct,reconstruction
earn,earnings,earns,earned,earning
bar,bars
diabet,diabetes
vietnames,vietnamese
sacrific,sacrifice
excel,excellence,excellent
method,methods
sauc,sauce
indigen,indigenous
bad,badly
troop,troops
ban,banned,bans,banning
movement,movements
steal,stole,steals,stealing,stolen
respond,respondents,responding,responded,respondent,responds
telecharg,telecharger
vampir,vampire
human,humans,humanities,humanity
fair,fairly
ongo,ongoing
nut,nuts
beg,begged,begging,begs
resist,resisting,resistant,resisted,resistance,resists
mandatori,mandatory
result,resulted,results,resulting
fragranc,fragrance,fragrances
respons,responsible,responsibilities,response,responsibility,responses
fail,failed,failing,fails
christian,christians,christianity
simpl,simple
subject,subjective,subjects,subjecting,subjected
expertis,expertise
awar,aware,awareness
databas,database,databases
sail,sailed,sails,sailing
daisi,daisy
figur,figured,figuring,figures,figure
regga,reggae
outstand,outstanding
finger,fingers,fingering
aquat,aquatic
approach,approaching,approached,approaches
attribut,attribute,attributed,attributes,attributing
warrior,warriors
accord,accordingly,accordance,according
extend,extending,extends,extended
lover,lovers
vitamin,vitamins
tragedi,tragedy
extens,extensive,extensions,extension
lazi,lazy
wear,wore,worn,wearing,wears
recent,recently
toler,tolerance
advertis,advertisement,advertisers,advertisements,advertising,advertises,advertiser,advertised,advertise
protect,protection,protective,protected,protecting,protects
acoust,acoustic
easi,easy
ill,illness
myer,myers
wholesal,wholesale
bet,betted,bets,betting
logic,logical
countri,country,countries
uncertainti,uncertainty
con,cons
compromis,compromise
assur,assured,assures,assuring,assurance,assure
tone,tones
spear,spears
toni,tony
excess,excessive
height,heights
conspiraci,conspiracy
shortcut,shortcuts
dougla,douglas
diff,diffs
trust,trusted,trusting,trusts
assum,assumed,assumes,assume,assuming
duplic,duplicate
liabil,liability,liabilities
bathroom,bathrooms
reveng,revenge
union,unions
patch,patches
erect,erects,erected,erecting
legend,legends
revenu,revenues,revenue
unsubscrib,unsubscribe
interest,interests,interested,interesting
basic,basics,basically
hesit,hesitates,hesitated,hesitating,hesitate
regul,regulating,regulations,regulation,regulate,regulates,regulated
suppress,suppresses,suppressed,suppressing
dismiss,dismissed,dismisses,dismissing
worker,workers
wish,wishing,wished,wishes
lift,lifted,lifting,lifts
taxat,taxation
cherri,cherry
catch,caught,catches,catching
dosag,dosage
spin,spinning,spins,spun
bookstor,bookstore
davi,davis
pipelin,pipeline
physician,physicians
inhibit,inhibiting,inhibited,inhibits
ident,identity,identical
tank,tanks
forum,forums
servic,service,services
properti,property,properties
gasolin,gasoline
commerci,commercial
intak,intake
aim,aimed,aiming,aims
calcul,calculate,calculations,calculator,calculators,calculated,calculates,calculating,calculation
marriag,marriage
hopkin,hopkins
occas,occasions,occasion
aid,aiding,aided,aids
connector,connectors
garag,garage
printabl,printable
ip,ips
sticker,stickers
ir,irs
it,its
jess,jesse
frontpag,frontpage
brake,brakes
in,ins,ining,ined
vendor,vendors
exot,exotic
id,ids
disappear,disappears,disappearing,disappeared
precis,precisely,precise,precision
harmoni,harmony
credit,credits
perform,performed,performances,performing,performance,performer,performs
suggest,suggesting,suggestions,suggested,suggestion,suggests
make,makes,making,made
transpar,transparent,transparency
bunni,bunny
learner,learners
split,splitting,splits
jungl,jungle
costum,costume,costumes
jerri,jerry
overal,overall
complet,complete,completed,completion,completely,completes,completing
wheel,wheels
elli,ellis
evid,evidence,evident
blue,blues
hang,hanging,hung,hangs
pubm,pubmed
hand,handing,hands,handed
bibliograph,bibliographic
rais,raised,raises,raise,raising
scale,scales
hygien,hygiene
refin,refinance,refined,refine
tune,tunes,tuning
kid,kids
qualif,qualifications,qualification
scenario,scenarios
messeng,messenger
hypothet,hypothetical
inherit,inherited,inherits,inheriting
client,clients
thi,thy
mother,mothers
judg,judges,judged,judging,judge
jean,jeans
bacteri,bacterial
moreov,moreover
legisl,legislative,legislation
medicin,medicine,medicines
identifi,identify,identifying,identified,identifies,identifier
charlott,charlotte
photo,photos
laptop,laptops
ordin,ordinance
partner,partners
victim,victims
languag,language,languages
previous,previously
adelaid,adelaide
expos,exposing,exposed,exposes,expose
interfer,interfering,interfere,interference,interferes,interfered
thick,thickness
character,characterize,characterizing,characterization,characterizes,characterized
satellit,satellite
barbado,barbados
hay,hayes
shout,shouting,shouted,shouts
spread,spreads,spreading
board,boards
prison,prisoners,prisoner
els,else
supervisor,supervisors
save,saving,saves,saved,savings
hat,hats
pharmaci,pharmacies,pharmacy
opt,opts,opting,opted
applic,applications,applicant,application,applicable,applicants
newspap,newspaper,newspapers
mayb,maybe
preserv,preserve,preservation,preserves,preserved,preserving
disposit,disposition
mileag,mileage
arab,arabic
leagu,league
eboni,ebony
background,backgrounds
shadow,shadows
athlet,athletic,athletes,athletics
apart,apartments,apartment
measur,measurements,measurement,measure,measuring,measures,measured
gift,gifts
specif,specifically,specifics,specifications,specification,specific
alpin,alpine
hunt,hunting,hunts,hunted
negat,negative
stroke,strokes,stroked,stroking
graviti,gravity
remind,reminds,reminding,reminded,reminder
bobbi,bobby
montgomeri,montgomery
unnecessari,unnecessary
oxid,oxide
right,rights
deal,dealing,deals,dealt
cuisin,cuisine
manual,manuals,manually
interv,interval,intervals
disord,disorder,disorders
textur,texture
percentag,percentage
rehabilit,rehabilitation
born,borns,borning,borned
intern,internationally,internal,international
printer,printers
heritag,heritage
bore,bored,boring
earthquak,earthquake
creep,crept,creeps,creeping
transmiss,transmission
cooper,cooperation,cooperative
preliminari,preliminary
eleph,elephant
overcom,overcoming,overcomes,overcome,overcame
convict,convicted,conviction,convicts,convicting
price,priced,prices,pricing
creatur,creature,creatures
conced,conceded,concede,concedes,conceding
champion,champions
salli,sally
burn,burning,burns,burnt
buri,buried,buries,bury,burying
confer,conferring,conferred,conferences,conference,confers
burk,burke
whi,why
discount,discounted,discounts
corp,corps
promot,promotional,promotion,promotes,promoted,promotions,promoting,promote
repositori,repository
peer,peered,peers,peering
eye,eyes,eyed
post,posted,postings,posting,posts
chapter,chapters
alexand,alexander
conceal,concealed,concealing,conceals
literatur,literature
surround,surrounded,surrounds,surrounding
simul,simulation,simulations
festiv,festivals,festival
jew,jews
commit,committing,commitment,committed,commits,commitments
anthropolog,anthropology
marshal,marshall
abus,abused,abuses,abusing,abuse
deviat,deviation
telephon,telephoned,telephones,telephoning,telephone
wallac,wallace
civil,civilization
tackl,tackles,tackled,tackling,tackle
bounc,bounce,bouncing,bounces,bounced
float,floated,floating,floats
profession,professionals,professional
attorney,attorneys
bath,baths
creativ,creative,creativity
bizarr,bizarre
netscap,netscape
wrap,wrapping,wrapped,wraps
opportun,opportunity,opportunities
storag,storage
microwav,microwave
fabric,fabrics
suffici,sufficiently,sufficient
transcript,transcripts,transcription
boutiqu,boutique
closur,closure
transform,transforming,transformed,transformation,transforms
happi,happy,happiness
avail,availability,available
reli,relies,rely,relied,relying
seeker,seekers
editor,editors
way,ways
acknowledg,acknowledge,acknowledged,acknowledges,acknowledging
call,calling,calls,called
expansi,expansys
synthesi,synthesis
war,wars
asset,assets
analysi,analysis
head,heads,headed,heading
form,forming,formed,forms
offer,offerings,offering,offered,offers
forc,forced,forces,forcing,force
forb,forbes
heal,healing
armi,army
forg,forge
surveil,surveillance
back,backing,backed,backs
cottag,cottage,cottages
heat,heating,het,heated,heats
roommat,roommate,roommates
dead,deadly
refriger,refrigerator
analyst,analysts
counsel,counseling
pragu,prague
revel,revelation
inquir,inquire
daddi,daddy
bargain,bargains
intermedi,intermediate
dens,dense
absenc,absence
fundament,fundamental,fundamentals
resel,reseller
emir,emirates
retir,retired,retires,retirement,retire,retiring
classif,classification
featur,feature,features,featured,featuring
classic,classics,classical
petit,petition,petite
abstract,abstracts
tournament,tournaments
diagnosi,diagnosis
textbook,textbooks
sale,sales
diagnost,diagnostic
exist,existing,existence,exists,existed
glanc,glance,glances,glanced,glancing
prayer,prayers
necessarili,necessarily
desir,desire,desiring,desirable,desires,desired
ship,shipped,ships,shipping
quantiti,quantities,quantity
check,checking,checked,checks
sticki,sticky
assembl,assembly,assemble,assembles,assembled,assembling
pipe,pipes
encrypt,encryption
poster,posters
floor,flooring,floors
interst,interstate
holli,holly
tip,tipping,tips,tipped
actor,actors
flood,flooding,flooded,floods
leed,leeds
role,roles
communic,communications,communicating,communicated,communicates,communicate,communication
jone,jones
test,tested,testing,tests
tie,tying,tied,ties
transsexu,transsexual
smell,smelled,smelt,smelling,smells
roll,rolled,rolling,rolls
realiti,reality
node,nodes
billi,billy
matur,mature
notif,notifications,notification
intend,intends,intended,intending
benefici,beneficial
devot,devote,devoted,devotes,devoting
hormon,hormone
intens,intensive,intensity,intense
queri,query,queries
notic,notice,notices,noticing,noticed
consid,considers,consider,considering,considered
minneapoli,minneapolis
nashvill,nashville
weekend,weekends
subdivis,subdivision
femal,females,female
furthermor,furthermore
phone,phones,phoned,phoning
anywher,anywhere
essenc,essence
hungri,hungry
jacket,jackets
ignor,ignoring,ignore,ignored,ignores
inexpens,inexpensive
time,timely,times,timed,timing
push,pushes,pushed,pushing
serious,seriously
daili,daily
shop,shopped,shopping,shops
concept,concepts
chain,chains
celebr,celebrated,celebrates,celebrate,celebration,celebrities,celebrity,celebrating
focus,focussed,focusing,focuses,focused,focussing
invent,invented,inventing,invents,invention
milf,milfs
signific,significance,significantly,significant
mile,miles
skin,skins
mill,mills
row,rows
decid,deciding,decide,decides,decided
manchest,manchester
depend,dependent,depends,depended,depending,dependence
zone,zoning,zones
religion,religions
graph,graphs
flash,flashes,flashed,flashing
father,fathers
pen,pens
environment,environmental
decis,decision,decisions
editori,editorials,editorial
terror,terrorism
sociolog,sociology
sourc,sources,source
string,strings
minist,ministers,minister
embark,embarking,embarks,embarked
condit,conditional,condition,conditions,conditioning
cook,cooking,cooks,cooked
dodg,dodge
brows,browse,browsing
cool,cooling,cooled,cools
valuabl,valuable
administr,administrators,administrative,administration,administrator
level,levels
tear,tore,torn,tears,tearing
novelti,novelty
dig,digging,digs,dug
democrat,democratic,democrats
fuzzi,fuzzy
pea,peas
magnet,magnetic
item,items
anniversari,anniversary
respiratori,respiratory
team,teams
cooki,cookies,cookie
guy,guys
dip,dipping,dips,dipped
round,rounding,rounded,rounds
cloudi,cloudy
shave,shaved
prevent,preventing,prevents,prevention,prevented
telescop,telescope
regret,regretting,regretted,regrets
trend,trends
sigh,sighs,sighing,sighed
compens,compensating,compensate,compensated,compensates,compensation
sign,signs,signed,signing
bondag,bondage
cost,costs,costing
alfr,alfred
patient,patients
bake,baking
rough,roughly
precipit,precipitation
appear,appears,appeared,appearance,appearing
currenc,currency,currencies
repli,replied,replying,reply,replies
favour,favouring,favours,favoured
melt,melts,molten,melted,melting
cathol,catholic
current,currently
paragraph,paragraphs
suspect,suspects,suspected,suspecting
interraci,interracial
appeal,appealing,appeals,appealed
boost,boosted,boosting,boosts
pose,posed,poses,posing
portabl,portable
deriv,derive,derived,derives,deriving
longitud,longitude
honour,honouring,honoured,honours
muslim,muslims
genet,genetic,genetics
onli,only
agreement,agreements
water,waters
entertain,entertains,entertainment,entertained,entertaining
juri,jury
address,addrest,addressing,addresses,addressed
drainag,drainage
coincid,coincide,coinciding,coincides,coincided
teacher,teachers
wait,waits,waited,waiting
box,boxing,boxed,boxes
buck,bucks
upskirt,upskirts
boast,boasting,boasted,boasts
invit,invite,invited,invites,invitation,inviting,invitations
shift,shifting,shifted,shifts
worldwid,worldwide
bow,bowing,bowed,bows
trial,trials
behav,behave,behaves,behaved,behaving
thirti,thirty
healthi,healthy
extrem,extreme,extremely
guilti,guilty
ourselv,ourselves
orient,orientation,oriental,oriented
ceram,ceramic
love,loving,lovely,loved,loves
extra,extras
modul,modules,module
prefer,preference,preferring,preferred,preferences,prefers
plumb,plumbing
seattl,seattle
visibl,visibility,visible
marker,markers
instal,installations,installing,installed,installation,instals,install
mobil,mobiles,mobile,mobility
market,marketing,marketed,markets
bloodi,bloody
spywar,spyware
franci,francis
andi,andy
projector,projectors
prove,proven,proves,proving,proved
calgari,calgary
univers,university,universal,universities,universe
visit,visits,visiting,visited
disappoint,disappointed
panason,panasonic
everybodi,everybody
live,lived,lives,living
loung,lounge
elector,electoral
suppos,suppose,supposing,supposes,supposed
angri,angry
suicid,suicide
capit,capital
registr,registration
realti,realty
afford,afforded,affords,affordable,affording
peopl,people,peoples
claus,clause
cashier,cashiers
finit,finite
enhanc,enhancing,enhancement,enhance,enhances,enhanced,enhancements
drown,drowned,drowning,drowns
kerri,kerry
accept,accepting,acceptance,accepts,acceptable,accepted
examin,examining,examines,examined,examine,examinations,examination
ventur,venture,ventures
effort,efforts
religi,religious
impair,impaired
judi,judy
graphic,graphical,graphics
car,cars
prepar,preparing,prepare,preparation,prepared,prepares
cap,caps
battl,battle
uniqu,unique
cat,cats
fli,flying,fly,flies,flown,flew
vega,vegas
can,can't,couldn't,could
cam,cams
franc,france
purpos,purposes,purpose
claim,claims,claimed,claiming
practition,practitioners,practitioner
genesi,genesis
stream,streams,streaming
predict,prediction,predictions,predicts,predicting,predicted
reynold,reynolds
fuck,fucks,fucked,fucking
agent,agents
topic,topics
spi,spies,spy
transexu,transexual
abort,abortion
immunolog,immunology
council,councils
recycl,recycling
chemic,chemicals,chemical
contamin,contamination
occur,occurring,occurs,occurred
clair,claire
occup,occupational,occupations,occupation
purs,purse
conflict,conflicts
differenti,differentiated,differentiates,differentiating,differentiate,differential
multipl,multiple
unsign,unsigned
bless,blessed
sudden,suddenly
revolut,revolution
economi,economy,economies
write,writings,writes,written,writing,wrote
alway,always
anyon,anyone
tile,tiles
map,mapping,maps
product,production,productions,productive,products,productivity
mar,mars
mat,mats
superintend,superintendent
dive,diving
spot,spots,spotting,spotted,spotcheck
levi,levy
lancast,lancaster
laundri,laundry
passeng,passenger,passengers
date,dating,dates,dated
suck,sucked,sucks,sucking
secondari,secondary
grow,grew,grown,grows,growing
accessori,accessory,accessories
stress,stresses,stressing,stressed
practic,practices,practical,practice
brussel,brussels
secur,secure,securities,security,securely,secured,secures,securing
favorit,favorite,favorites
offens,offense,offensive
tale,tales
inform,information,informational,informed,informal,informative,informing,informs
switch,switched,switches,switching
preced,preceded,precedes,precede,preceding
combin,combines,combined,combine,combinations,combination,combining
deposit,depositing,deposits,deposited
basket,baskets
riversid,riverside
ordinari,ordinary
talk,talked,talks,talking
vike,viking
fairi,fairy
anticip,anticipating,anticipates,anticipated,anticipate
hugh,hughes
approv,approving,approve,approves,approved,approval
graduat,graduate,graduates,graduated,graduation
lyric,lyrics
shake,shakes,shaken,shaking,shook
equip,equipped,equips,equipment,equipping
entitl,entitle,entitling,entitles,entitled
dynam,dynamics,dynamic
entiti,entities,entity
ethic,ethics,ethical
reinforc,reinforce,reinforces,reinforced,reinforcing
group,groups
monitor,monitoring,monitors,monitored
polici,policies,policy
passag,passage
platform,platforms
window,windows
farmer,farmers
mail,mails,mailing,mailed
main,maine,mainly
basenam,basename
confin,confining,confine,confines,confined
ejacul,ejaculation
recal,recalling,recalled,recall,recalls
halt,halted,halting,halts
fling,flings,flung,flinging
nod,nodded,nods,nodding
financi,financial
automobil,automobiles,automobile
initi,initiate,initiated,initial,initiative,initiatives,initiating,initiates,initially
nation,nations,nationally,national
answer,answers,answered,answering
therebi,thereby
gate,gates
son,sons
discuss,discussions,discussion,discussing,discussed,discusses
introduct,introduction
term,termed,terms,terming
voltag,voltage
plung,plunged,plunges,plunging,plunge
lewi,lewis
clutch,clutches,clutched,clutching
revers,reversing,reverse,reverses,reversed
oliv,oliver,olive
separ,separated,separates,separating,separate,separately,separation
magazin,magazines,magazine
jimmi,jimmy
massachusett,massachusetts
rock,rocks
januari,january
confid,confidence,confident
courag,courage
compil,compile,compiling,compilation,compiled,compiles,compiler
eo,eos
citat,citations,citation
replac,replace,replacement,replacing,replaces,replaced
individu,individuals,individually,individual
continu,continue,continuously,continues,continued,continuous,continuing,continuity,continually
dramat,dramatic,dramatically
contributor,contributors
busti,busty
sponsor,sponsored,sponsoring,sponsors
dealtim,dealtime
distributor,distributors
girl,girls
dispos,dispose,disposing,disposed,disposes,disposal
starsmerch,starsmerchant
baselin,baseline
album,albums
accomplish,accomplished
absorpt,absorption
space,spaces
profit,profits
infrar,infrared
inquiri,inquiry,inquiries
profil,profiles,profile
soul,souls
uncl,uncle
overlook,overlooks,overlooked,overlooking
sensor,sensors
correct,corrects,corrected,correction,correctly,corrections,correcting
gram,grams
romanc,romance
diseas,disease,diseases
monster,monsters
thong,thongs
migrat,migration
domest,domestic
million,millions
carv,carves,carved,carven,carve,carving
argu,argue,argues,argued,arguing
headlin,headline,headlines
theori,theories,theory
romant,romantic
triangl,triangle
byte,bytes
maldiv,maldives
card,cards
care,caring,cared,cares,carefully,careful
chevi,chevy
funki,funky
departur,departure
question,questioned,questioning,questions
prescrib,prescribed,prescribes,prescribe,prescribing
frequenc,frequency,frequencies
syndic,syndicate,syndication
refus,refuse,refusing,refused,refuses
recov,recovers,recovering,recover,recovered
turn,turned,turns,turning
place,places,placed,placing
ministri,ministries,ministry
router,routers
profess,profession
nicknam,nickname
neglect,neglected,neglects,neglecting
frequent,frequently
geolog,geological,geology
oper,operation,operating,operator,operated,operate,operations,operates,operators,operational
suspend,suspending,suspends,suspended
oppon,opponents,opponent
carri,carrying,carry,carried,carries
chubbi,chubby
untitl,untitled
beverag,beverage,beverages
acdbent,acdbentity
acquisit,acquisition,acquisitions
suspens,suspension
submit,submitted,submits,submitting
undergradu,undergraduate
oppos,opposes,opposed,opposing,oppose
ring,rings,rung,ringing
fight,fights,fought,fighting
open,opens,openings,opened,opening
size,sizes,sized
brochur,brochure,brochures
sheet,sheets
capac,capacity
convent,conventional,conventions,convention
gamecub,gamecube
bookmark,bookmarks
bite,bitten,bited,bites,biting
breed,bred,breeds,breeding
plastic,plastics
defer,deferred
citi,city,cities
silenc,silence
cumul,cumulative
draft,drafts,banking,banked
averag,average
escort,escorts
proposit,proposition
conveni,convenient,convenience
melbourn,melbourne
cite,citing,cited,cites
friend,friendly,friends
knowledg,knowledge
cope,coped,coping,copes
provinc,province,provinces
season,seasonal,seasons
copi,copied,copying,copies,copy
specifi,specifying,specifies,specified,specify
eagl,eagle,eagles
broadcast,broadcasting
biotechnolog,biotechnology
enclos,encloses,enclosed,enclose,enclosing
butt,butts
floppi,floppy
attempt,attempts,attempting,attempted
holder,holders
serv,serving,serves,served,serve
wide,widely
orgi,orgy
crack,cracks,cracked,cracking
cornel,cornell
recruit,recruitment,recruits,recruited,recruiting
section,sections
balanc,balance,balances,balanced,balancing
coat,coating,coated
posit,positive,positioning,positioned,position,positions
worcest,worcester
seri,series
prospect,prospects,prospective
mountain,mountains
michell,michelle
san,sans
angel,angeles,angels
ann,anne
premier,premiere
argument,arguments
alleg,alleging,alleged,alleges,allege
say,saying,says,said
slam,slams,slammed,slamming
rent,rents,renting,rented
deliv,delivering,delivers,delivered,deliver
portrait,portraits
exclud,exclude,excluding,excludes,excluded
coach,coaching,coaches
engin,engineering,engines,engineer,engine,engineers
squar,square
advic,advice
notr,notre
veteran,veterans
note,noting,notes,noted
emphasis,emphasise,emphasising,emphasised,emphasises
danni,danny
take,taken,takes,taking,took
advis,advises,advised,advising,advise
subsidiari,subsidiary,subsidiaries
destroy,destroys,destroying,destroyed
wonder,wondering,wonderful,wondered,wonders
lick,licking
noth,nothing
channel,channels
surf,surfing
surg,surge
begin,began,begins,beginning,begun
sure,surely
pain,painful
reloc,relocation
trace,traced,traces,tracing
normal,normally
track,tracking,tracks,tracked
traci,tracy
ensembl,ensemble
compress,compressed,compression
butterfli,butterfly
mate,mating
sunglass,sunglasses
greec,greece
pair,pairs
america,americas
homepag,homepage
icon,icons
rescu,rescuing,rescued,rescues,rescue
egg,eggs
adopt,adopts,adopted,adopting,adoption
drive,drove,driving,drives,driven
wing,wings
badg,badge
meanwhil,meanwhile
runtim,runtime
hear,hears,heard,hearing,hearings
senior,seniors
axi,axis
steadi,steady
boundari,boundaries,boundary
recipi,recipients,recipient
shot,shots
show,showed,shown,shows,showing
cheat,cheats
geographi,geography
shoe,shoes
permiss,permission,permissions
corner,corners
forecast,forecasts
contemporari,contemporary
fifti,fifty
slot,slots
itun,itunes
slow,slowing,slows,slowed
ratio,ratios
fenc,fence
treasuri,treasury
transact,transactions,transaction
dick,dicke,dicks
activ,activating,activated,activates,actively,activation,active,activate,activities,activity
estat,estates,estate
crime,crimes
former,formerly
wood,woods
black,blacks
analyz,analyzes,analyzed,analyze
analyt,analytical
analys,analysing,analyse,analysed,analyses
offici,official,officially,officials
voluntari,voluntary
get,gotten,got,gets,getting
nobl,noble
outlet,outlets
progress,progressed,progressing,progresses,progressive
requir,requiring,required,requires,requirements,require,requirement
truli,truly
reveal,revealed,reveals,revealing
artist,artistic,artists
headphon,headphones
borrow,borrowing,borrows,borrowed
yield,yielding,yields,yielded
email,emails
twelv,twelve
roger,rogers
aris,arises,arisen,arising,arose,arise
limousin,limousines
telecommun,telecommunications
summari,summary,summaries
lafayett,lafayette
lectur,lectures,lecture
concert,concerts
burst,bursting,bursts
surgeri,surgery
questionnair,questionnaire
hepat,hepatitis
sublimedirectori,sublimedirectory
seat,seating,seats
hierarchi,hierarchy
deadlin,deadline
seal,sealing,sealed,seals
reserv,reserving,reserve,reservation,reservations,reserved,reserves
calendar,calendars
sport,sporting,sports
findarticl,findarticles
concern,concerned,concerning,concerns
infinit,infinite
planet,planets
detect,detecting,detected,detection,detective,detects
televis,television,televisions
innov,innovative,innovations,innovation
review,reviewing,reviewed,reviewer,reviews
label,labelled,labeled,labelling,labels
innoc,innocent
wayn,wayne
import,importantly,importance,importing,important,imported,imports
islam,islamic
assumpt,assumption,assumptions
parent,parents,parenting,parental
screen,screening,screens
blame,blames,blamed,blaming
cycl,cycling,cycles,cycle
spare,sparing,spares,spared
come,came,comes,coming
reaction,reactions
christin,christine
tuck,tucks,tucking,tucked
region,regional,regions
beliz,belize
contract,contracting,contracts,contracted
nearbi,nearby
tour,tours,touring,toured
tutori,tutorials,tutorial
rugbi,rugby
improv,improving,improved,improves,improvement,improvements,improve
emiss,emissions,emission
key,keys
color,colored,colors
camcord,camcorder,camcorders
inspir,inspired,inspires,inspiration,inspiring,inspire
period,periodic,periodically,periods
insist,insists,insisting,insisted
roulett,roulette
twin,twins
jeremi,jeremy
alli,allied
cancel,cancellation,cancelled,cancels,cancelling
typic,typical,typically
poll,polls
coloni,colonial,colony
boat,boats,boating
damag,damaged,damage,damages,damaging
ultim,ultimate,ultimately
coupl,couple,coupled,couples,coupling
stretch,stretches,stretched,stretching
rebuild,rebuilding,rebuilt,rebuilds
mari,marie,mary
venic,venice
mark,marked,marking,marks
breath,breathes,breathed,breathing,breathe
workshop,workshops
teddi,teddy
barri,barry
certifi,certified
emphas,emphasizing,emphasize,emphasized,emphasizes
thousand,thousands
resolut,resolutions,resolution
rubi,ruby
andrew,andrews
tiger,tigers
wake,woken,waking,wakes,woke
aviat,aviation
drum,drums
andrea,andreas
delici,delicious
berri,berry
sound,sounded,sounding,sounds
thesi,thesis
amend,amending,amendment,amends,amendments,amended
mount,mounting,mounted,mounts
imperi,imperial
trick,tricks
cast,casts,casting
outcom,outcomes,outcome
patholog,pathology
cock,cocks
telephoni,telephony
anytim,anytime
advantag,advantages,advantage
hypothesi,hypothesis
henc,hence
convinc,convincing,convince,convinces,convinced
worri,worried,worries,worry,worrying
destin,destination,destinations
strain,straining,strained,strains
good,goods
warehous,warehouse
nuditi,nudity
protein,proteins
pursu,pursue,pursuing,pursued,pursues
indianapoli,indianapolis
develop,developers,developed,developing,developments,develops,development,developer
author,authorized,authorization,authors,authorities,authority
pay,pays,payed,paying
medic,medication,medications,medical
bowl,bowling
econom,economics,economic
dealer,dealers
binari,binary
columnist,columnists
pad,pads
ecolog,ecological,ecology
document,documents,documentation,documented
medit,meditation
gadget,gadgets
week,weekly,weeks
exhaust,exhausted,exhausts,exhausting
statutori,statutory
finish,finishing,finishes,finished
screenshot,screenshots
statut,statutes,statute
nest,nested
assist,assistant,assisted,assistance,assists,assisting
driver,drivers
someon,someone
webshot,webshots
director,directors
capabl,capability,capable,capabilities
fruit,fruits
mani,many
extern,external
cartoon,cartoons
appropri,appropriate,appropriations
theater,theaters
reliev,relieving,relieve,relieved,relieves
cambridg,cambridge
charger,chargers
denni,dennis
commission,commissioner,commissioners
justifi,justifies,justified,justifying,justify
tit,tits
identif,identification
model,models,modelling,modeling
reward,rewarded,rewards,rewarding
vacanc,vacancies
dimension,dimensional
scholarship,scholarships
venu,venues,venue
outdoor,outdoors
violenc,violence
execut,execution,executives,executive,executed,executes,execute,executing
handmad,handmade
rest,resting,rested,rests
custodi,custody
kill,killed,killing,kills
aspect,aspects
touch,touches,touched,touching
polish,polished
speed,speeds,speeded,speeding
concentr,concentrate,concentrated,concentrates,concentration,concentrations,concentrating
death,deaths
europ,europe
miscellan,miscellaneous
hint,hints
rose,roses
refurbish,refurbished
littl,little
desktop,desktops
lender,lenders
instrument,instruments,instrumental,instrumentation
treatment,treatments
aerospac,aerospace
vulner,vulnerable,vulnerability
pill,pills
ami,amy
frown,frowned,frowns,frowning
oop,oops
read,readings,reads,reading
ladi,lady,ladies
disciplinari,disciplinary
dark,darkness
regim,regime
temperatur,temperatures,temperature
pop,popped,popping,pops
mom,moms
world,worlds
presum,presuming,presumes,presumed,presume
grin,grinning,grins,grinned
mod,mods
meaning,meaningful
duti,duties,duty
blackberri,blackberry
postcard,postcards
bracelet,bracelets
exploit,exploits,exploited,exploiting
integ,integer
server,servers
chamber,chambers
benefit,benefiting,benefited,benefits
updat,update,updating,updated,updates
kennedi,kennedy
output,outputs
envisag,envisage,envisaging,envisaged,envisages
manag,managers,manage,management,managed,manager,manages,managing
fulfil,fulfils,fulfilled,fulfilling
cabl,cable,cables
sharehold,shareholders
cornwal,cornwall
titan,titans
juli,julie,july
legitim,legitimate
hydraul,hydraulic
satisfactori,satisfactory
adequ,adequate
jewelleri,jewellery
collector,collectors
constitut,constituted,constitutes,constituting,constitutional,constitute,constitution
epinion,epinions
freez,freezing,freezes,freeze,froze,frozen
chronicl,chronicles,chronicle
confirm,confirmed,confirms,confirming,confirmation
characteris,characterising,characterise,characterises,characterised
definit,definitions,definition,definitely
landscap,landscape,landscapes
evolv,evolves,evolved,evolving,evolve
inject,injection
missil,missile
squirt,squirting
complic,complications,complicated
rocki,rocky
immun,immune
undertak,undertook,undertaking,undertake,undertakes,undertaken
power,powered,powerful,powers
quit,quite
garbag,garbage
inspect,inspects,inspections,inspection,inspected,inspecting
broker,brokers
found,founded,find
wyom,wyoming
referr,referrals,referral
throw,throwing,threw,thrown,throws
on,ons
stone,stones
patent,patents
testimoni,testimonials,testimony
island,islands
craft,crafts
antibodi,antibody,antibodies
insect,insects
meal,meals
acr,acres,acre
degre,degrees,degree
arthriti,arthritis
stand,standing,stood,standings,stands
neighbor,neighbors
act,acted,acts,acting
evan,evans
industri,industry,industrial,industries
bond,bonds
allianc,alliance
road,roads
accredit,accreditation,accredited
tribe,tribes
effici,efficiently,efficient,efficiency
anybodi,anybody
lean,leaning,leant,leans
elementari,elementary
terminolog,terminology
surviv,survival,survives,survived,survive,surviving
earring,earrings
odd,odds
cent,cents
strip,strips,stripping,stripped
nurs,nurse,nurses,nursing
airlin,airlines,airline
your,yours
charli,charlie
stare,staring,stared,stares
complianc,compliance
area,areas
transexual,transexuales
start,started,starts,starting
fascin,fascinating
fisheri,fisheries
interfac,interface,interfaces
low,lows
lot,lots
laboratori,laboratory,laboratories
besid,besides,beside
premis,premises
unfortun,unfortunately
bottl,bottles,bottle
hard,hardly
conclud,concluding,conclude,concluded,concludes
bundl,bundle
regard,regarded,regarding,regards
cabinet,cabinets
sunris,sunrise
asbesto,asbestos
lanc,lance
podcast,podcasts
congratul,congratulations
pull,pulled,pulls,pulling
rush,rushing,rushed,rushes
dirti,dirty
possibl,possible,possibly,possibility,possibilities
potato,potatoes
unusu,unusual
grasp,grasping,grasped,grasps
embed,embedded
puls,pulse
expect,expecting,expects,expectations,expected
ab,abs
ad,ads
creat,created,creates,create,creating
frighten,frightening,frightened,frightens
stabl,stable
general,generally
deem,deemed,deems,deeming
decreas,decreasing,decreases,decreased,decrease
johnni,johnny
generat,generator,generating,generates,generators,generation,generate,generated,generations
mover,movers
proport,proportion
russel,russell
tiffani,tiffany
film,filme,films
fill,filled,fills,filling
googl,google
commiss,commissioned,commission,commissions,commissioning
puppi,puppy
compel,compelled,compels,compelling
marketplac,marketplace
abolish,abolishing,abolishes,abolished
field,fields
valid,validity,validation
compet,competed,competes,compete,competing,competent
jacksonvill,jacksonville
sculptur,sculpture
architectur,architectural,architecture
trip,trips
championship,championships
genuin,genuine
firmwar,firmware
terri,terry
sequenc,sequences,sequence
symbol,symbols
drift,drifting,drifts,drifted
briefli,briefly
flower,flowers
vocabulari,vocabulary
peac,peaceful,peace
pool,pools
legal,legally
reduc,reducing,reduce,reduces,reduced
studio,studios
suprem,supreme
directori,directories,directory
invest,invested,investment,investments,investing,invests
descript,descriptions,description
zimbabw,zimbabwe
groov,groove
adam,adams
castl,castle
escap,escapes,scaped,escape,scaping
invoic,invoice
motel,motels
represent,representations,representation
consider,considerable,consideration,considerations
pti,pty
illustr,illustrates,illustrated,illustrate,illustration,illustrations,illustrating
lack,lacked,lacks,lacking
dollar,dollars
month,monthly,months
atlant,atlantic
disc,discs
abil,abilities,ability
dish,dishes
follow,followed,following,follows
merchandis,merchandise
princ,prince
children,childrens
airfar,airfare
dairi,dairy
resum,resumed,resumes,resume,resuming
articl,article,articles
program,programming,programs
smili,smilies
yorkshir,yorkshire
smile,smiling,smiles,smiled
introduc,introducing,introduce,introduces,introduced
adapt,adapter,adapted,adapts,adaptation,adaptive,adapters,adapting
case,cases
vers,verse
consum,consumed,consumer,consumers,consumes,consuming,consume
diari,diary
song,songs
fals,false
soni,sony
faq,faqs
techrepubl,techrepublic
toss,tosses,tossing,tossed
candid,candidate,candidates
mechan,mechanism,mechanical,mechanics,mechanisms
verd,verde
fall,falling,fell,falls,fallen
veri,very
ticket,tickets
strang,strange
induct,induction
harri,harris,harry
louis,louise
webmast,webmasters,webmaster
list,listed,lists,listing,listings
pichunt,pichunter
circuit,circuits
adjust,adjusted,adjustable,adjustments,adjusting,adjustment,adjusts
subscript,subscriptions,subscription
bahama,bahamas
dimens,dimension,dimensions
apprais,appraisal
difficulti,difficulties,difficulty
past,paste
biolog,biology,biological
pressur,pressure
design,designing,designation,designs,designers,designer,designed,designated
lawyer,lawyers
pass,passing,passes,passed
link,links,linking,linked
howev,however
chair,chairs
belief,beliefs
excit,excitement,excited,exciting
lone,lonely
sue,suing,sued,sues
barrier,barriers
richard,richards
clock,clocks
sum,summed,sums,summing
abl,able
brief,briefing,briefs
crush,crushing,crushed,crushes
delet,delete,deleted
version,versions
ozon,ozone
hampshir,hampshire
intersect,intersection
consecut,consecutive
deepli,deeply
payabl,payable
public,publications,publicly,publicity,publication
contrast,contrasted,contrasts,contrasting
luci,lucy
themselv,themselves
kentucki,kentucky
pacif,pacific
variat,variations,variation
sophist,sophisticated
nake,naked
ranger,rangers
middl,middle
free,freeing,frees,freed
solari,solaris
brisban,brisbane
strong,strongly
modifi,modify,modifying,modified,modifies
valv,valve,valves
valu,valued,values,valuing,value
mozambiqu,mozambique
search,searches,searched,searching
soldier,soldiers
amount,amounts,amounted,amounting
therapeut,therapeutic
pick,picks,picked,picking
action,actions
introductori,introductory
narrow,narrows,narrowing,narrowed
magnitud,magnitude
believ,believes,believed,believe,believing
trainer,trainers
diamet,diameter
decim,decimal
depart,departing,department,departed,departments,departs
vid,vids
declin,declines,declined,decline,declining
lawrenc,lawrence
transit,transition
readili,readily
filenam,filename
intent,intention
inappropri,inappropriate
thought,thoughts
famili,families,family
establish,establishing,establishment,establishes,established
select,selecting,selections,selective,selects,selection,selected
aggress,aggressive
acryl,acrylic
proceed,proceeded,proceedings,proceeds,proceeding
distinct,distinction
liber,liberal
injuri,injury,injuries
regist,register,registered,registers,registering
coverag,coverage
workstat,workstation
massag,massage
formul,formulating,formulated,formulates,formulate
morn,morning
offshor,offshore
kick,kicks,kicked,kicking
minor,minority
teen,teens
diamond,diamonds
door,doors
freelanc,freelance
hurri,hurry,hurried,hurries,hurrying
ital,italic
flag,flags
stick,sticks,stuck,sticking
bestsel,bestsellers
particular,particularly
magnific,magnificent
compani,company,companies
cach,cached,cache
town,towns
dictat,dictates,dictated,dictate,dictating
hour,hours,hourly
hous,housing,housed,houses,house
phillip,phillips
outlin,outlined,outlines,outlining,outline
histori,history
biodivers,biodiversity
remain,remained,remaining,remains
portugues,portuguese
learn,learning,learned,learns,learnt
abandon,abandons,abandoning,abandoned
male,males
explod,exploding,explode,exploded,explodes
orlean,orleans
prompt,prompts,prompting,promptly,prompted
myspac,myspace
scan,scanned,scanning,scans
challeng,challenge,challenged,challenges,challenging
bestial,bestiality
share,shares,shared,sharing
templat,templates,template
attain,attained,attains,attaining
explor,explorer,explored,explores,exploration,exploring,explore
explos,explosion
guitar,guitars
phrase,phrases
dress,dressing,dressed,dresses
condemn,condemning,condemned,condemns
cours,course,courses
court,courts
goal,goals
divid,divide,divided,divides,dividing
anoth,another
comfort,comfortable
disclaim,disclaimers,disclaimer
divin,divine
mapl,maple
divis,division,divisions
cling,clinging,clings,clung
reject,rejecting,rejects,rejected
scienc,science,sciences
stir,stirs,stirred,stirring
needl,needle
plant,planted,planting,plants
infecti,infectious
resourc,resource,resources
penetr,penetration,penetrates,penetrated,penetrating,penetrate
referenc,referenced
faculti,faculty
reflect,reflected,reflects,reflection,reflections,reflecting
catalog,catalogs
plane,planes
embrac,embrace,embracing,embraces,embraced
gasp,gasps,gasped,gasping
varianc,variance
associ,associating,association,associate,associations,associated,associates
vintag,vintage
stabil,stability
circumst,circumstances
short,shorts,shortly
juic,juice
ani,any
barbi,barbie
doctor,doctors
caus,causing,caused,causes,cause
shade,shades
cigarett,cigarettes,cigarette
dream,dreamt,dreams,dreaming
infant,infants
embassi,embassy
rotat,rotation
cartridg,cartridges,cartridge
fantasi,fantasy
rang,ranging,ranged,ranges,range
trade,trading,trades,traded
octob,october
scientist,scientists
ferri,ferry
erot,erotic
suffer,suffering,suffered,suffers
paramet,parameter,parameters
style,styles
biographi,biography,biographies
render,rendering,renders,rendered
statewid,statewide
pray,praying,prays,prayed
exact,exactly
complex,complexity
handheld,handhelds
wipe,wiping,wiped,wipes
late,lately
resort,resorts
pend,pending
speech,speeches
genealog,genealogy
senat,senators,senate,senator
alter,altered,altering,alters
peni,penis
recip,recipes,recipe
independ,independent,independently,independence
return,returned,returning,returns
food,foods
sentenc,sentencing,sentenced,sentences,sentence
pollut,pollution
shemal,shemale,shemales
ukrain,ukraine
collin,collins
somebodi,somebody
compound,compounds
arbitr,arbitration
adventur,adventures,adventure
complain,complaining,complained,complains
eventu,eventually
holiday,holidays
troubleshoot,troubleshooting
unlik,unlikely,unlike
authent,authentic,authentication
radiat,radiation
pregnanc,pregnancy
easili,easily
achiev,achievements,achieve,achieving,achievement,achieved,achieves
alreadi,already
compris,comprise,comprising,comprised,comprises
die,dying,dies,died
ceas,ceasing,ceases,ceased,cease
fulli,fully
intervent,intervention,interventions
adolesc,adolescent
trailer,trailers
valuat,valuation
harm,harmful
weight,weights,weighted
fish,fishing
timelin,timeline
prais,praises,praised,praising,praise
procedur,procedures,procedure
realli,really
playstat,playstation
oil,oils
connect,connection,connected,connects,connectivity,connecting,connections
fist,fisting
horribl,horrible
energi,energy
portug,portugal
event,events
renaiss,renaissance
agre,agree,agreeing,agrees,agreed
safeti,safety
admiss,admission,admissions
encod,encoding
vancouv,vancouver
henri,henry
robert,roberts
publish,publishing,publishes,publisher,published,publishers
research,researching,researches,researcher,researched,researchers
bubbl,bubble
perri,perry
sustain,sustaining,sustainability,sustained,sustainable,sustains
hill,hills
shipment,shipments
expans,expansion
print,printing,printed,prints
truste,trustee,trustees
occurr,occurrence
polyphon,polyphonic
highway,highways
textil,textiles,textile
extraordinari,extraordinary
qualifi,qualify,qualifying,qualifies,qualified
confidenti,confidentiality,confidential
proxi,proxy
advanc,advancement,advancing,advance,advances,advanced
differ,differed,differently,differing,differs,different,difference,differences
pub,pubs
lobbi,lobby
lifestyl,lifestyle
quick,quickly
reason,reasoning,reasonably,reasonable,reasons
base,based,bases,basing
housew,housewives
murmur,murmurs,murmured,murmuring
ask,asked,asks,asking
teach,teaches,teaching,taught
marri,marry,marrying,married,marries
basi,basis
thread,threads,threaded
launch,launching,launches,launched
airport,airports
veloc,velocity
omit,omitting,omitted,omits
struggl,struggle,struggling,struggles,struggled
revolutionari,revolutionary
american,americans
campbel,campbell
perman,permanent
taho,tahoe
undergo,underwent,undergoes,undergone,undergoing
habit,habits
assign,assigns,assigning,assignments,assigned,assignment
feed,feeds,feeing,feeding,fees
sympathi,sympathy
dine,dining
notifi,notified,notify
wilder,wilderness
feel,feeling,feels,feelings,felt
exchang,exchanges,exchanging,exchanged,exchange
number,numbers
evolut,evolution
celeb,celebs
elder,elderly
river,rivers
florist,florists
membran,membrane
miss,missed,misses,missing
fanci,fancies,fancied,fancy,fancying
villa,villas
idea,ideas
guess,guessing,guesses,guessed
guest,guests
jet,jets
script,scripting,scripts
interact,interactions,interactive,interaction
mont,monte
construct,construction,constructs,constructing,constructed
player,players
paint,painting,paints,paintings,painted
stori,stories,story
station,stations
statement,statements
lauderdal,lauderdale
illeg,illegal
master,masters
scheme,schemes
entrepreneur,entrepreneurs
store,storing,stores,stored
necklac,necklace
saint,saints
relationship,relationships
pump,pumps
hotel,hotels
park,parked,parks,parking
pari,paris
employ,employer,employed,employers,employs,employing,employment
dentist,dentists
drain,drains,drained,draining
word,words
consult,consultants,consultant,consulting,consults,consultation,consulted,consultancy
moder,moderator,moderate,moderators
exposur,exposure
kind,kinds
john,johns
contrari,contrary
whenev,whenever
remot,remote
perfum,perfume
remov,removable,removing,remove,removes,removed,removal
vaccin,vaccine
vocal,vocals
horizont,horizontal
groceri,grocery
bridg,bridges,bridge
architect,architects
vocat,vocational
arrang,arrangement,arranged,arranges,arrange,arranging,arrangements
toward,towards
danc,dance,dancing,danced,dances
builder,builders
cleaner,cleaners
comput,computational,compute,computed,computer,computers,computation,computing
atmospher,atmosphere,atmospheric
exert,exerted,exerts,exerting
strengthen,strengthens,strengthening,strengthened
defect,defects
marbl,marble
packag,packages,package,packaging
expir,expiration,expires,expired
blond,blonde
lui,luis
dedic,dedicating,dedicated,dedicates,dedicate
eddi,eddie
option,optional,options
sell,selling,sells,sold
imagin,imagines,imagined,imagine,imagination,imagining
metabol,metabolism
lib,libs
dildo,dildos
commentari,commentary
violat,violation,violations
port,ports
lip,lips
build,building,builds,built,buildings
donor,donors
bufe,bufing
mose,moses
wildlif,wildlife
distribut,distribute,distribution,distributions,distributed,distributes,distributing
newcastl,newcastle
reckon,reckoning,reckoned,reckons
provinci,provincial
mixtur,mixture
react,reacted,reacting,reacts
most,mostly
virus,viruses
charm,charming,charms
plan,planned,plans,planning
softbal,softball
wive,wives
watt,watts
illinoi,illinois
charg,charges,charged,charging,charge
amaz,amazing
workplac,workplace
clear,clearly,clears,clearing,cleared
cover,covering,covers,covered
destruct,destruction
salari,salary,salaries
part,partly,parts,parted,parting
clean,cleaning,cleans,cleaned
weigh,weighed,weighs,weighing
awesom,awesome
sector,sectors
commerc,commerce
humid,humidity
jurisdict,jurisdiction
session,sessions
palestin,palestine
hairi,hairy
fireplac,fireplace
font,fonts
fine,fined,fines,fining
find,findings,found,finding,finds
powersel,powerseller
penalti,penalties,penalty
cell,cells
giant,giants
randi,randy
copyright,copyrighted,copyrights
equiti,equity
writer,writers
solut,solution,solutions
indian,indians
factor,factors
remedi,remedy,remedies
workforc,workforce
hit,hits,hitting
king,kings
express,expression,expressed,expresses,expressing,expressions
swing,swinging,swings,swung
kilomet,kilometers
mainten,maintenance
breast,breasts
liabl,liable
reprint,reprints
sunni,sunny
synthet,synthetic
proclaim,proclaiming,proclaims,proclaimed
antiqu,antique,antiques
singapor,singapore
common,commons,commonly
cri,cry,crying,cried,cries
curti,curtis
commod,commodities,commodity
sew,sewing
certif,certificate,certificates,certification
set,settings,sets,setting
art,arts
dump,dumps,dumping,dumped
mind,minded,minds,minding
delux,deluxe
emac,emacs
bare,barely
knive,knives
sea,seas
close,closely,closing,closes,closed
arm,arming,arms,armed
barn,barnes
shower,showers
spiritu,spiritual,spirituality
expert,experts
merci,mercy
deleg,delegation
someth,something
particip,participate,participation,participates,participated,participants,participating,participant
debat,debating,debates,debated,debate
restructur,restructuring
hold,holdings,holding,held,holds
experi,experiments,experience,experiencing,experienced,experiences,experiment
piss,pissing
altern,alternatively,alternative,alternate,alternatives
signatur,signatures,signature
catalogu,catalogue
dalla,dallas
appreci,appreciation,appreciate,appreciates,appreciated,appreciating
numer,numeric,numerical,numerous
unauthor,unauthorized
induc,inducing,induce,induces,induced
sole,solely
isol,isolating,isolate,isolated,isolates,isolation
pirat,pirates
succeed,succeeding,succeeds,succeeded
consumpt,consumption
distinguish,distinguishing,distinguishes,distinguished
condo,condos
purpl,purple
tion,tions
popul,populations,population
satisfi,satisfied,satisfies,satisfy,satisfying
last,lasted,lasts,lasting
advers,adverse
retent,retention
annual,annually
alon,alone
tempor,temporal
motorcycl,motorcycle,motorcycles
modif,modification,modifications
carniv,carnival
load,loads,loaded,loading
latitud,latitude
dietari,dietary
episod,episode,episodes
consolid,consolidation,consolidated
point,points,pointing,pointed
schedul,schedule,scheduling,scheduled,schedules
loan,loans
sweep,sweeps,sweeping,swept
leon,leone
bukkak,bukkake
header,headers
provok,provoking,provokes,provoked,provoke
church,churches
batteri,battery,batteries
mistak,mistake,mistakes
mission,missions
communiti,community,communities
belt,belts
cathedr,cathedral
blog,blogs,blogging
forgiv,forgave,forgives,forgiven,forgiving,forgive
surnam,surname
stamp,stamps
help,helped,helps,helping,helpful
territori,territories,territory
devic,devices,device
empti,empty
secret,secrets
threaten,threatened,threatens,threatening
nicol,nicole
napl,naples
devis,devising,devised,devises,devise
strategi,strategy,strategies
firm,firms
invis,invision,invisible
flight,flights
exercis,exercised,exercises,exercising,exercise
gay,gays
boy,boys
fire,fires,fired,firing
infect,infections,infected,infection
imag,image,imaging,images
exempt,exemption
convert,convertible,converted,converting,converter,converts
mine,mining,mines
kathi,kathy
coordin,coordinate,coordination,coordinates,coordinated,coordinator
understand,understanding,understands,understood
demand,demanded,demands,demanding
instructor,instructors
subcommitte,subcommittee
politician,politicians
look,looking,looks,looked
bill,billing,bills
histor,historical,historic
fleec,fleece
durat,duration
cluster,clusters
litig,litigation
unifi,unified
paintbal,paintball
behavior,behavioral
error,errors
anonym,anonymous
fixtur,fixtures
brunett,brunette
loop,loops
pack,packed,packs,packing
subsect,subsection
grip,grips,gript,gripping
pound,pounds
readi,ready
genr,genre,genres
rip,ripping,rips,ripped
virtu,virtue
rid,ridding,rids,ridded
anxieti,anxiety
routin,routines,routine
chase,chasing,chased,chases
decor,decorating,decorates,decorated,decorative,decorate
shirt,shirts
grant,granting,grants,granted
belong,belongs,belonged,belonging
allergi,allergy
funni,funny
itali,italy
pharmaceut,pharmaceutical,pharmaceuticals
grand,grande
salvat,salvation
memphi,memphis
development,developmental
tower,towers
optic,optics,optical
lie,lied,lies,lying
optim,optimal,optimization,optimize
wherea,whereas
inflat,inflation
alert,alerts,alerting,alerted
moment,moments
temporari,temporary
fatti,fatty
wherev,wherever
implement,implementation,implemented,implementing,implements
luxuri,luxury
postag,postage
lower,lowered,lowering,lowers
task,tasks
equival,equivalent
eleg,elegant
kelli,kelly
entri,entries,entry
chemistri,chemistry
maker,makers
person,personals,personality,personal,personally,personalized,persons
cheer,cheers,cheered,cheering
chees,cheese
expens,expensive,expense,expenses
elev,elevation
district,districts
academ,academic,academics
tast,tasted,tastes,tasting,taste
spend,spending,spends,spent
propos,propose,proposals,proposal,proposed,proposes,proposing
explan,explanation
navi,navy
collabor,collaborative,collaboration
relianc,reliance
shape,shaping,shapes,shaped
calibr,calibration
administ,administer,administers,administering,administered
elect,electing,elected,elections,elects,election
continent,continental
wage,wages
mandat,mandate
cut,cuts,cutting
tablet,tablets
cup,cups
stimul,stimulate,stimulating,stimulates,stimulated
swinger,swingers
persuad,persuading,persuades,persuaded,persuade
theoret,theoretical
contractor,contractors
forbid,forbids,forbidden,forbade,forbidding
dare,daring,dared,dares,daren't
appli,applied,applies,applying,apply
snap,snaps,snapping,snapped
input,inputs
subsequ,subsequently,subsequent
cemeteri,cemetery
app,apps
bio,bios
complaint,complaints
march,marching,marches,marched
format,formats,formatting,formation
foundat,foundation,foundations
bid,bidden,bidding,bids
molecul,molecules
sapphir,sapphire
injur,injuring,injure,injured,injures
thoma,thomas
blowjob,blowjobs
tabl,tables,table
bit,bits
characterist,characteristics,characteristic
peripher,peripheral,peripherals
knock,knocked,knocking,knocks
leisur,leisure
confront,confronted,confronting,confronts
signal,signals,signalling,signalled
incred,incredible
resolv,resolving,resolve,resolved,resolves
glove,gloves
websit,website,websites
heart,hearts
collect,collectibles,collections,collective,collecting,collected,collectible,collection,collectables,collects
princip,principal
wit,witness,witnessed,witnesses,witnessing
popular,popularity
cruis,cruises,cruise
encount,encountering,encounters,encountered,encounter
scare,scared
mighti,mighty
spring,sprung,springs,springing
creation,creations
play,played,plays,playing
handjob,handjobs
sampl,sample,sampling,samples
mirror,mirrors
insur,insurance,insured
surpris,surprises,surprised,surprise,surprising
syndrom,syndrome
affili,affiliates,affiliated,affiliation,affiliate
enquiri,enquiries,enquiry
chocol,chocolate
plenti,plenty
pet,pets
republ,republic
seller,sellers
recognit,recognition
substitut,substitutes,substituted,substituting,substitute
mathemat,mathematics,mathematical
larg,large,largely
jewelri,jewelry
recognis,recognising,recognises,recognised,recognise
pee,peeing
veterinari,veterinary
reproduc,reproduce,reproducing,reproduced,reproduces
prairi,prairie
machin,machine,machines
be,beings,being,am,was,isn't,weren't,aren't,is,were,wasn't,been,am not,are
ebook,ebooks
run,runs,running,ran
rub,rubs,rubbing,rubbed
reach,reaching,reaches,reached
rug,rugs
stem,stems,stemmed,stemming
step,steps,stepping,stepped
seneg,senegal
squeez,squeezes,squeezed,squeezing,squeeze
prerequisit,prerequisite
newslett,newsletters,newsletter
major,majority
impos,imposed,imposes,impose,imposing
mortgag,mortgages,mortgage
shine,shone,shining,shines
juvenil,juvenile
constraint,constraints
morri,morris
materi,materials,material
memori,memories,memorial,memory
matern,maternity
valentin,valentine
idl,idle
disclosur,disclosure
prostat,prostate
block,blocks,blocking,blocked
charl,charles
reduct,reductions,reduction
repair,repaired,repairs,repairing
miracl,miracle
primarili,primarily
lifetim,lifetime
parad,parade
lyco,lycos
shed,sheds,shedding
bankruptci,bankruptcy
pediatr,pediatric
savag,savage
irrig,irrigation
steven,stevens
ensur,ensured,ensure,ensuring,ensures
chang,change,changed,changes,changing
lesson,lessons
announc,announcing,announces,announced,announce,announcement,announcements
durabl,durable
occupi,occupying,occupy,occupies,occupied
inclus,inclusive,inclusion
institut,institutes,institute,institutional,institutions,institution
baltimor,baltimore
proprietari,proprietary
doll,dolls
agricultur,agriculture,agricultural
percept,perception
long,longs,longed,longing
custom,customized,customer,customs,customize,customers
dian,diane
adjac,adjacent
camera,cameras
includ,including,includes,included,include
blow,blew,blown,blows,blowing
forward,forwarding
lotteri,lottery
larri,larry
great,greatly
twenti,twenty
ingredi,ingredients
cloth,clothing,clothes
screensav,screensavers,screensaver
game,gaming,games
translat,translation,translates,translated,translator,translations,translate,translating
atom,atomic
line,lines,lined,lining
isra,israeli
specialti,specialties,specialty
jacki,jackie
muscl,muscles,muscle
consist,consistently,consisting,consistency,consists,consisted,consistent
up,ups
intim,intimate
highlight,highlighted,highlights,highlighting
fridg,fridge
similar,similarly
bever,beverly
curv,curves,curve
groundwat,groundwater
enlarg,enlarge,enlargement
constant,constantly
porsch,porsche
flow,flowing,flowed,flows
chao,chaos
repres,represents,representing,representatives,representative,represent,represented
incomplet,incomplete
septemb,september
chat,chats,chatted,chatting
home,homes
curl,curls,curled,curling
prevail,prevailed,prevailing,prevails
crisi,crisis
pronounc,pronouncing,pronounce,pronounced,pronounces
titl,title,titled,titles
user,users
westminst,westminster
offlin,offline
club,clubs
librari,library,libraries
department,departmental
draw,drawing,draws,drawn,drew,drawings
tongu,tongue
lend,lending,lends,lent
sublim,sublime
athen,athens
resign,resigned,resigns,resigning
william,williams
drag,dragged,drags,dragging
cater,catering,catered,caters
enzym,enzyme
deserv,deserved,deserves,deserving,deserve
night,nights
lane,lanes
land,landing,landed,lands
fighter,fighters
wendi,wendy
algorithm,algorithms
psychiatri,psychiatry
age,aging,ages,aged
rotari,rotary
potteri,pottery
discrimin,discrimination
tube,tubes
bizrat,bizrate
prototyp,prototype
essay,essays
code,codes,coding
truck,trucks
edg,edges,edge
scratch,scratched,scratches,scratching
merced,mercedes
watersh,watershed
kati,katie
pantyhos,pantyhose
aw,awful
modem,modems
go,going,gone,went,goes
cognit,cognitive
applianc,appliance,appliances
literari,literary
privat,private
procur,procurement
sensit,sensitivity,sensitive
elsewher,elsewhere
send,sent,sends,sending
moor,moore
opposit,opposite,opposition
reuter,reuters
sens,sense,senses,sensed,sensing
airplan,airplane
quizz,quizzes
passiv,passive
envelop,envelope
garden,gardens,gardening
nichola,nicholas
disclos,disclosing,discloses,disclosed,disclose
wave,waved,waves,waving
mous,mouse
electron,electronic,electronics
sock,socks
volum,volume,volumes
disast,disaster
vacat,vacation,vacations
shiver,shivers,shivering,shivered
surgeon,surgeons
kitti,kitty
relev,relevance,relevant
tri,try,trying,tried,tries
weapon,weapons
magic,magical
knight,knights
button,buttons
milwauke,milwaukee
geograph,geographic,geographical
kansa,kansas
threat,threats
race,raced,races,racing
kit,kits
second,seconds
headquart,headquarters
refer,referring,referred,reference,refers,references
rack,racks
pleas,pleased,pleasing,pleases,please
vehicl,vehicle,vehicles
impli,imply,implying,implies,implied
tranc,trance
fortun,fortune
natur,nature,natural,naturals,naturally
crop,crops
annot,annotation,annotated
jump,jumped,jumping,jumps
fold,folded,folding,folds
helicopt,helicopter
video,videos
plead,pled,pleads,pleading
download,downloading,downloadable,downloaded,downloads
acid,acids
carlo,carlos
click,clicking,clicks
folk,folks
kinas,kinase
compat,compatible,compatibility
index,indexes,indexed
reput,reputation
compar,compared,compares,comparative,comparable,comparing,compare
resembl,resemble,resembled,resembles,resembling
han,hans
twink,twinks
access,accessing,accesses,accessed,accessibility,accessible
experiment,experimental
bird,birds
whatev,whatever
impact,impacts
vibrat,vibrators,vibrator
ration,rational
poverti,poverty
delawar,delaware
leg,legs
sexi,sexy
len,lens
bodi,bodies,body
firewal,firewall
let,letting,lets
sink,sinking,sunken,sinks,sunk
sing,singing,sung,sings
vertic,vertical
sinc,since
residenti,residential
syracus,syracuse
remark,remarks,remarking,remarked,remarkable
produc,producer,produces,produced,producers,produce,producing
talent,talented
pretti,pretty
survivor,survivors
derbi,derby
artifici,artificial
conceiv,conceiving,conceive,conceived,conceives
casino,casinos
technolog,technology,technologies,technological
scatter,scatters,scattered,scattering
converg,convergence
survey,surveys
chequ,cheque
defeat,defeating,defeats,defeated
earli,early
opinion,opinions
climb,climbed,climbs,climbing
gene,genes
honor,honors
chanc,chance,chances
employe,employees,employee
zshop,zshops
clark,clarke
danger,dangerous
newbi,newbie
win,wins,won,winning
approxim,approximately,approximate
emot,emotional,emotions
disciplin,discipline,disciplines
powel,powell
presidenti,presidential
adida,adidas
motor,motors
deputi,deputy
cloud,clouds
fabul,fabulous
usg,usgs
use,using,uses,useful,used
crap,craps
doubl,doubling,doubles,double,doubled
upgrad,upgrade,upgrading,upgrades
ralli,rally
fibr,fibre
implic,implications
doubt,doubts,doubted,doubting
advoc,advocated,advocates,advocating,advocate
usp,usps
lesli,leslie
stage,stages,staging,staged
postpost,postposted
chip,chips
remaind,remainder
sort,sorted,sorting,sorts
babe,babes
comparison,comparisons
babi,babies,baby
musician,musicians
impress,impression,impressing,impressive,impressed,impresses
chariti,charity
trail,trails
train,training,trains,trained
louisvill,louisville
actual,actually
gambl,gambling
olymp,olympics,olympic
women,womens
annoy,annoying
reproduct,reproduction,reproductive
account,accounting,accounts,accounted,accountability
alik,alike
retriev,retrieve,retrieved,retrieval
perceiv,perceiving,perceived,perceives,perceive
ridg,ridge
alia,alias
ride,rode,riding,ridden,rides
alic,alice
critic,criticism,criticizing,criticize,critics,critical,criticizes,criticized
pour,poured,pouring,pours
justic,justice
obvious,obviously
drill,drilling
franchis,franchise
meet,meetings,meets,met,meeting
donat,donated,donation,donations,donate
nightlif,nightlife
fetch,fetching,fetched,fetches
aliv,alive
control,controlled,controller,controlling,controls,controllers
tap,taps,tapped,tapping
tab,tabs
contempl,contemplated,contemplates,contemplate,contemplating
plate,plates
process,processing,processed,processes
lock,locked,locks,locking
carrol,carroll
tax,taxes,taxed,taxing
acn,acne
high,highly,highs
luggag,luggage
tag,tagged,tags
kenni,kenny
bend,bends,bent,bending
slip,slipped,slipping,slips
agenc,agency,agencies
onlin,online
crimin,criminal
skirt,skirts
weaken,weakens,weakening,weakened
everywher,everywhere
surfac,surface,surfaces
sit,sits,sat,sitting
comedi,comedy
georg,george
delay,delaying,delayed,delays
lamp,lamps
swear,swears,swearing,swore,sworn
forest,forests
democraci,democracy
dissolv,dissolves,dissolving,dissolved,dissolve
poetri,poetry
sim,sims
stock,stocks,stockings
fare,fares
financ,financed,financing,finance,finances
attend,attendance,attends,attending,attended
farm,farming,farms
stop,stopped,stopping,stops
await,awaiting,awaited,awaits
hazard,hazards,hazardous
notebook,notebooks
attent,attention
crazi,crazy
philosophi,philosophy
physic,physical,physically,physics
tomato,tomatoes
villag,villages,village
alloc,allocates,allocated,allocating,allocation,allocate
masturb,masturbation,masturbating
essenti,essentially,essentials,essential
nanci,nancy
nativ,native
bind,binding,binds,binded
counter,countered,counters,countering
correspond,corresponds,correspondence,corresponded,corresponding
element,elements
issu,issue,issuing,issued,issues
allow,allowed,allowance,allows,allowing
cattl,cattle
furnish,furnishings,furnished
elig,eligible,eligibility
movi,movie,movies
move,moved,moves,moving
horni,horny
galaxi,galaxy
elit,elite
spank,spanking
desper,desperate
perfect,perfectly
accur,accurate,accurately
banner,banners
gari,gary
brook,brooks
coupon,coupons
ecommerc,ecommerce
infrastructur,infrastructure
prohibit,prohibited
decad,decades,decade
therefor,therefore
pixel,pixels
recept,reception
crash,crashing,crashed,crashes
legendari,legendary
handl,handling,handle,handles,handled
auto,autos
dan,dans
spell,spelt,spelling,spells
pharmacolog,pharmacology
handi,handy
tribut,tribute
literaci,literacy
mention,mentioned,mentions,mentioning
tribun,tribunal,tribune
facilit,facilitating,facilitated,facilitates,facilitate
kiss,kissing,kisses,kissed
republican,republicans
investor,investors
day,days
warranti,warranties,warranty
somewher,somewhere
betti,betty
anyth,anything
edit,editions,edited,editing,edits,edition
unlimit,unlimited
tran,trans
medlin,medline
slide,slidden,slid,sliding,slides
phentermin,phentermine
trap,trapping,traps,trapped
depriv,deprive,deprived,deprives,depriving
metr,metres
societi,societies,society
arkansa,arkansas
tranni,tranny
intellig,intelligence,intelligent
sandi,sandy
our,ours
secretari,secretary
sexual,sexually,sexuality
wander,wandering,wanders,wandered
special,specially,specials,specializing,specialized
variabl,variables,variable
narrat,narrative
enemi,enemies,enemy
influenc,influence,influencing,influenced,influences
hardcov,hardcover
defend,defends,defended,defending,defendant
defenc,defence
discharg,discharges,discharged,discharging,discharge
categori,categories,category
activist,activists
stuf,stuffed
suitabl,suitable
sever,severe,several
hardwar,hardware
wick,wicked
stun,stunning
defens,defensive,defense
statist,statistical,statistics
clarifi,clarified,clarifies,clarifying,clarify
shut,shuts,shutting
payrol,payroll
insid,inside,insider
regulatori,regulatory
manipul,manipulates,manipulated,manipulate,manipulating
charit,charitable
templ,temple
gaug,gauge
dictionari,dictionaries,dictionary
advisor,advisors
releas,release,releasing,releases,released
philip,philips
bleed,bleeding
log,logs,logged,logging
etern,eternal
nowher,nowhere
turtl,turtle
spill,spilling,spilt,spills
pictur,picturing,pictures,pictured,picture
put,puts,putting
keep,keeps,keeping,kept
scari,scary
enforc,enforcement,enforce,enforced,enforces,enforcing
organis,organisations,organises,organise,organisation,organised,organising
outsid,outside
presid,president
geometri,geometry
retain,retaining,retains,retained
retail,retailers,retailer
organiz,organizational
footag,footage
mad,madness
endors,endorses,endorsed,endorse,endorsing,endorsement
exam,exams
christoph,christopher
blogger,bloggers
qualiti,quality,qualities
scene,scenes
sack,sacks,sacked,sacking
echo,echoed,echoes,echoing
sharewar,shareware
sacr,sacred
owner,owners
facil,facility,facilities
bicycl,bicycle
prioriti,priorities,priority
booti,booty
rington,ringtone,ringtones
strict,strictly
licens,licensed,licenses,licensing,license
robbi,robbie
trembl,trembled,tremble,trembles,trembling
system,systems
messag,message,messages,messaging
stakehold,stakeholders
attach,attaches,attached,attachments,attaching,attachment
attack,attacked,attacks,attacking
expenditur,expenditures,expenditure
privaci,privacy
termin,terminal,terminals,termination
licenc,licence
final,finally,finals
boil,boiled,boils,boiling
evanesc,evanescence
punish,punishes,punished,punishing,punishment
methodolog,methodology
arbitrari,arbitrary
karaok,karaoke
accompani,accompanies,accompany,accompanied,accompanying
tissu,tissue
submiss,submissions,submission
diminish,diminishing,diminished,diminishes
nobodi,nobody
photograph,photographers,photographer,photographic,photographs
embodi,embody,embodied,embodies,embodying
bother,bothers,bothering,bothered
conscious,consciousness
onc,once
see,saw,sees,seen,seeing
structur,structural,structured,structure,structures
charact,characters
siemen,siemens
becom,become,becoming,becomes,became
light,lights,lighted,lighting
flasher,flashers
psycholog,psychological,psychology
steer,steering
tommi,tommy
exhibit,exhibited,exhibitions,exhibiting,exhibits,exhibition
function,functions,functionality,functional,functioned,functioning
shakespear,shakespeare
clip,clips
terribl,terrible
viewer,viewers
thereaft,thereafter
partnership,partnerships
robot,robots
corrupt,corruption
netherland,netherlands
immigr,immigration,immigrants
have,had,has,having,haven't,hadn't,hasn't
congression,congressional
need,needed,needn't,needs,needing
keyboard,keyboards
border,borders
depict,depicting,depicts,depicted
min,mins
rout,routes,route,routing
accuraci,accuracy
mix,mixing,mixes,mixed
especi,especially
discret,discrete,discretion
latina,latinas
tactic,tactics
roug,rouge
divert,diverted,diverting,diverts
divers,diverse,diversity
singl,single,singles
practis,practises,practised,practise,practising
courtesi,courtesy
skate,skating
ray,rays
deploy,deployment
chassi,chassis
oracl,oracle
galleri,gallery,galleries
discov,discover,discovered,discovers,discovering
mortal,mortality
arcad,arcade
aborigin,aboriginal
handbag,handbags
amplifi,amplifier
judici,judicial
payment,payments
divorc,divorce
realtor,realtors
urg,urge,urged,urging,urges
url,urls
gather,gathered,gathers,gathering
request,requests,requesting,requested
face,facing,faced,faces
inde,indeed
deni,denies,denied,denying,deny
determin,determines,determined,determination,determining,determine
occasion,occasional,occasionally
hardcor,hardcore
indi,indie
fact,facts
affair,affairs
nutrit,nutrition,nutritional
text,texts
brother,brothers
bring,brought,bringing,brings
clearanc,clearance
empir,empirical,empire
bedroom,bedrooms
fear,fears,fearing,feared
discoveri,discovery
texa,texas
footbal,football
ear,ears
locat,locations,location,locates,located,locator,locating,locate
nois,noise
tire,tired,tires
winner,winners
forev,forever
bug,bugs
manufactur,manufacturing,manufacturers,manufacture,manufactured,manufactures,manufacturer
score,scored,scores,scoring
tape,tapes
conclus,conclusions,conclusion
gradual,gradually
local,locally,locale
hope,hoping,hoped,hopes,hopefully
insight,insights
contribut,contributed,contributes,contributing,contribute,contribution,contributions
satisfact,satisfaction
beat,beating,beats,beaten
disagre,disagreeing,disagreed,disagrees,disagree
tripl,triple
bear,borne,bearing,bears
autom,automation,automated
bean,beans
meter,meters
increas,increase,increasing,increased,increases,increasingly
photographi,photography
lucki,lucky
theatr,theatre
wallpap,wallpaper,wallpapers
smash,smashes,smashed,smashing
enabl,enable,enabling,enabled,enables
organ,organized,organizer,organizes,organization,organize,organizations,organizing,organisms,organic
densiti,density
summon,summonning,summons,summonned
integr,integral,integrate,integrating,integrity,integration,integrates,integrated
partit,partition
contain,container,contains,contained,containers,containing
grab,grabbing,grabs,grabbed
view,viewing,viewed,views
conform,conforms,conformed,conforming
legaci,legacy
frame,framing,framed,frames
funer,funeral
packet,packets
temporarili,temporarily
troubl,trouble
particl,particles,particle
qti,qty
entranc,entrance
wire,wiring,wires,wired
panti,panties
reform,reforms
pattern,patterns
nationwid,nationwide
segment,segments
thumb,thumbs
tend,tending,tends,tended
favor,favors
state,stated,states,stating
physiolog,physiology
destini,destiny
joyc,joyce
biblic,biblical
thumbnail,thumbnails
centr,centred,centres,centring,centre
criticis,criticise,criticised,criticises,criticising
bed,bedding,beds
merri,merry
amen,amenities
conjunct,conjunction
dislik,disliked,dislike,disliking,dislikes
job,jobs
entir,entirely,entire
spoil,spoilt,spoiling,spoils
disput,dispute,disputes
eclips,eclipse
thank,thanking,thanked,thanks
instant,instantly
plugin,plugins
career,careers
joke,jokes
equal,equally,equality
drug,drugs
verzeichni,verzeichnis
admit,admits,admitting,admitted
instanc,instance,instances
admir,admired,admiring,admire,admires
equat,equations,equation
committe,committees,committee
hobbi,hobby,hobbies
swim,swimming,swims,swam,swum
freeli,freely
swallow,swallows,swallowing,swallowed
maritim,maritime
comment,commented,comments,commenting
wale,wales
wall,walls
guidelin,guidelines
heavi,heavy
arriv,arriving,arrived,arrivals,arrive,arrival,arrives
moistur,moisture
walk,walking,walked,walks
solv,solves,solved,solving,solve
laugh,laughs,laughing,laughed
commenc,commences,commenced,commencing,commence
respect,respective,respectively,respecting,respected,respects
beach,beaches
hispan,hispanic
cologn,cologne
poem,poems
slowli,slowly
pin,pinned,pinning,pins
midland,midlands
catherin,catherine
quotat,quotations
trademark,trademarks
compos,composing,compose,composed,composer,composes
triniti,trinity
compon,component,components
gaze,gazed,gazing,gazes
hungari,hungary
treat,treated,treats,treating
electr,electricity,electrical,electric
bronz,bronze
immedi,immediate,immediately
partial,partially
treasur,treasures,treasure,treasurer
upcom,upcoming
adob,adobe
presenc,presence
assert,asserts,asserted,asserting
planner,planners
togeth,together
furnitur,furniture
nerv,nerve
present,presented,presents,presenting,presently,presentations,presentation
replic,replication
nippl,nipples,nipple
novel,novels
plain,plains
align,alignment
will,willing
defin,defined,defines,define,defining
rochest,rochester
glossari,glossary
observ,observations,observer,observes,observed,observing,observe,observation
layer,layers
purchas,purchasing,purchase,purchases,purchased
engag,engagement,engages,engage,engaged,engaging
oversea,overseas
cultur,culture,cultural,cultures
site,sites
lingeri,lingerie
bead,beads
archiv,archived,archives,archive
motiv,motivate,motivated,motivates,motivation,motivating
substanti,substantially,substantial
synopsi,synopsis
revis,revises,revision,revising,revise,revised,revisions
reviv,revived,revives,reviving,revive
uniti,unity
terrorist,terrorists
welcom,welcomed,welcomes,welcome,welcoming
japanes,japanese
parti,parties,party
cross,crosses,crossed,crossing
member,members
hurrican,hurricane
speaker,speakers
inch,inches
competit,competition,competitions,competitive
tighten,tightened,tightening,tightens
ball,balls
absorb,absorbed,absorbs,absorbing
drink,drunk,drank,drinks,drinking
effect,effective,effects,effecting,effected,effectively,effectiveness
coffe,coffee
strateg,strategic
beij,beijing
student,students
canva,canvas
threesom,threesome
expand,expanded,expanding,expands
cosmet,cosmetics,cosmetic
weld,welding
center,centers,centered
philippin,philippines
colour,colours,coloured,colouring
well,wells,wellness
champagn,champagne
poultri,poultry
weblog,weblogs
exampl,example,examples
command,commander,commanding,commanded,commands
polym,polymer
choos,chosen,choosing,chooses,chose,choose
undefin,undefined
usual,usually
distanc,distances,distance
paus,pause,pauses,paused,pausing
boot,boots
conferenc,conferencing
obtain,obtained,obtains,obtaining
gun,guns
clinic,clinics,clinical
heavili,heavily
shuttl,shuttle
simpli,simply
skill,skills,skilled
simultan,simultaneously
systemat,systematic
demograph,demographic
rapid,rapidly,rapids
thanksgiv,thanksgiving
wed,weddings,wedding
flee,flees,fleeing,fled
bell,belle
lake,lakes
arrest,arrests,arrested,arresting
add,adding,adds,added
other,others
bibliographi,bibliography
citizen,citizens
possess,possessing,possessed,possesses,possession
ski,skiing
match,matches,matched,matching
royalti,royalty
branch,branches
government,governmental
webpag,webpage
piec,pieces,piece
theolog,theology
realiz,realized,realizes,realizing,realize
know,knowing,knew,knows,known
press,presses,pressed,pressing
realis,realise,realising,realises,realised
password,passwords
name,naming,namely,named,names
insert,inserted,inserts,inserting,insertion
resid,residents,resident,residence
like,liked,likes,liking,likely
success,successful,successfully
andal,andale
bibl,bible
corpor,corporate,corporation,corporations
realist,realistic
doctrin,doctrine
beastal,beastality
necessari,necessary
journalist,journalists
lose,losing,lost,loses
chick,chicks
polit,politics,political
candl,candles,candle
page,pages
candi,candy
exceed,exceeds,exceeding,exceeded
drop,drops,dropping,dropped
incent,incentives,incentive
dispatch,dispatched
captur,captured,capture,capturing,captures
suppli,supplied,supply,supplies,supplying
astrolog,astrology
certain,certainly
vessel,vessels
hondura,honduras
contin,continent
export,exports,exported,exporting
convey,conveying,conveys,conveyed
paradis,paradise
proper,properly
guarante,guaranteeing,guarantees,guaranteed,guarantee
parliamentari,parliamentary
blade,blades
transport,transported,transportation,transporting,transports
registri,registry
shrug,shrugging,shrugged,shrugs
guid,guide,guiding,guided,guides
competitor,competitors
feder,federal,federation
lead,led,leading,leads
avoid,avoids,avoiding,avoided
hwi,hwy
miner,minerals,mineral
februari,february
showtim,showtimes
leas,leasing,lease
leap,leapt,leaping,leaps
estim,estimate,estimation,estimates,estimated,estimating
leav,leave,leaved,leaves,leaving
settl,settle,settles,settled,settling
speak,spoke,spoken,speaking,speaks
leader,leaders
mode,modes
regain,regains,regained,regaining
encourag,encourage,encouraging,encouraged,encourages
investig,investigators,investigator,investigated,investigates,investigation,investigations,investigating,investigate
obey,obeying,obeyed,obeys
proud,proudly
slight,slightly
journal,journals,journalism
usag,usage
slut,sluts
obes,obesity
paper,papers
host,hosted,hosting,hosts
monetari,monetary
refuge,refugees
panel,panels
sister,sisters
quarter,quarters,quarterly
rare,rarely
interven,intervening,intervene,intervenes,intervened
column,columns
documentari,documentary
carrier,carriers
disabl,disability,disabilities,disable,disabled
gazett,gazette
own,owned,owns,owning
owe,owed,owes,owing
tortur,torture
year,yearly,years
domain,domains
automat,automatic,automatically
assess,assesses,assessed,assessments,assessing,assessment
guard,guarded,guarding,guards
receptor,receptors
brush,brushing,brushes,brushed
scanner,scanners
pussi,pussy
browser,browsers
mere,merely
merg,merge,merges,merged,merging
processor,processors
accumul,accumulates,accumulated,accumulating,accumulate
transfer,transferred,transfers,transferring
museum,museums
support,supporters,supporting,supported,supports
oasi,oasis
appl,apple
ed,eds
deliveri,delivery
buy,buying,bought,buys
unexpect,unexpected
granni,granny
brand,brands
subscrib,subscribers,subscriber,subscribe
mutter,muttering,mutters,muttered
wrestl,wrestling
ivori,ivory
grati,gratis
gain,gained,gaining,gains
everyon,everyone
grate,grateful
eas,ease,easing,eased,eases
inlin,inline
eat,ate,eaten,eating,eats
count,counting,counted,counts
veget,vegetable,vegetables,vegetation
seiz,seize,seizing,seized,seizes
murphi,murphy
scientif,scientific
municip,municipal,municipality
listpric,listprice
record,records,recordings,recorders,recorded,recorder,recording
limit,limits,limitations,limited,limiting,limitation
tini,tiny
glori,glory
cake,cakes
otherwis,otherwise
problem,problems
display,displays,displayed,displaying
anthoni,anthony
evalu,evaluating,evaluate,evaluations,evaluation,evaluated,evaluates
whisper,whispering,whispers,whispered
dure,during
pic,pics
beatl,beatles
twist,twists,twisted,twisting
novemb,november
inn,inns
circul,circulation,circulate,circulates,circulated,circulating
jenni,jenny
penni,penny
happen,happening,happens,happened
probabl,probability,probably
automot,automotive
quot,quoted,quotes,quote,quoth,quoting
contest,contests
guidanc,guidance
oak,oaks
detail,detailed,details
virtual,virtually
book,bookings,books,booking,booked
futur,futures,future
rememb,remembering,remembers,remember,remembered
varieti,varieties,variety
boob,boobs
pupil,pupils
stat,stats
repeat,repeats,repeating,repeated
star,starring,stars
potenti,potentially,potential
class,classes
astronomi,astronomy
stay,stays,stayed,staying
staf,staffing
lens,lenses
trackback,trackbacks
gap,gaps
basketbal,basketball
appoint,appointment,appointments,appoints,appointed,appointing
outsourc,outsourcing
fund,funded,funding,funds
reliabl,reliability,reliable
rule,rules,ruled,ruling
portion,portions
emerg,emergency,emerging,emerges,emerged,emerge
pension,pensions
poli,poly
perhap,perhaps
decemb,december
confess,confessing,confessed,confesses
simpson,simpsons
